"","x"
"1","b.cells"
"2","b.cells"
"3","b.cells"
"4","b.cells"
"5","b.cells"
"6","b.cells"
"7","b.cells"
"8","b.cells"
"9","b.cells"
"10","b.cells"
"11","b.cells"
"12","b.cells"
"13","b.cells"
"14","b.cells"
"15","b.cells"
"16","b.cells"
"17","b.cells"
"18","b.cells"
"19","b.cells"
"20","b.cells"
"21","b.cells"
"22","b.cells"
"23","b.cells"
"24","b.cells"
"25","b.cells"
"26","b.cells"
"27","b.cells"
"28","b.cells"
"29","b.cells"
"30","b.cells"
"31","b.cells"
"32","b.cells"
"33","b.cells"
"34","b.cells"
"35","b.cells"
"36","b.cells"
"37","b.cells"
"38","b.cells"
"39","b.cells"
"40","b.cells"
"41","b.cells"
"42","b.cells"
"43","b.cells"
"44","b.cells"
"45","b.cells"
"46","b.cells"
"47","b.cells"
"48","b.cells"
"49","b.cells"
"50","b.cells"
"51","b.cells"
"52","b.cells"
"53","b.cells"
"54","b.cells"
"55","b.cells"
"56","b.cells"
"57","b.cells"
"58","b.cells"
"59","b.cells"
"60","b.cells"
"61","b.cells"
"62","b.cells"
"63","b.cells"
"64","b.cells"
"65","b.cells"
"66","b.cells"
"67","b.cells"
"68","b.cells"
"69","b.cells"
"70","b.cells"
"71","b.cells"
"72","b.cells"
"73","b.cells"
"74","b.cells"
"75","b.cells"
"76","b.cells"
"77","b.cells"
"78","b.cells"
"79","b.cells"
"80","b.cells"
"81","b.cells"
"82","b.cells"
"83","b.cells"
"84","b.cells"
"85","b.cells"
"86","b.cells"
"87","b.cells"
"88","b.cells"
"89","b.cells"
"90","b.cells"
"91","b.cells"
"92","b.cells"
"93","b.cells"
"94","b.cells"
"95","b.cells"
"96","b.cells"
"97","b.cells"
"98","b.cells"
"99","b.cells"
"100","b.cells"
"101","b.cells"
"102","b.cells"
"103","b.cells"
"104","b.cells"
"105","b.cells"
"106","b.cells"
"107","b.cells"
"108","b.cells"
"109","b.cells"
"110","b.cells"
"111","b.cells"
"112","b.cells"
"113","b.cells"
"114","b.cells"
"115","b.cells"
"116","b.cells"
"117","b.cells"
"118","b.cells"
"119","b.cells"
"120","b.cells"
"121","b.cells"
"122","b.cells"
"123","b.cells"
"124","b.cells"
"125","b.cells"
"126","b.cells"
"127","b.cells"
"128","b.cells"
"129","b.cells"
"130","b.cells"
"131","b.cells"
"132","b.cells"
"133","b.cells"
"134","b.cells"
"135","b.cells"
"136","b.cells"
"137","b.cells"
"138","b.cells"
"139","b.cells"
"140","b.cells"
"141","b.cells"
"142","b.cells"
"143","b.cells"
"144","b.cells"
"145","b.cells"
"146","b.cells"
"147","b.cells"
"148","b.cells"
"149","b.cells"
"150","b.cells"
"151","b.cells"
"152","b.cells"
"153","b.cells"
"154","b.cells"
"155","b.cells"
"156","b.cells"
"157","b.cells"
"158","b.cells"
"159","b.cells"
"160","b.cells"
"161","b.cells"
"162","b.cells"
"163","b.cells"
"164","b.cells"
"165","b.cells"
"166","b.cells"
"167","b.cells"
"168","b.cells"
"169","b.cells"
"170","b.cells"
"171","b.cells"
"172","b.cells"
"173","b.cells"
"174","b.cells"
"175","b.cells"
"176","b.cells"
"177","b.cells"
"178","b.cells"
"179","b.cells"
"180","b.cells"
"181","b.cells"
"182","b.cells"
"183","b.cells"
"184","b.cells"
"185","b.cells"
"186","b.cells"
"187","b.cells"
"188","b.cells"
"189","b.cells"
"190","b.cells"
"191","b.cells"
"192","b.cells"
"193","b.cells"
"194","b.cells"
"195","b.cells"
"196","b.cells"
"197","b.cells"
"198","b.cells"
"199","b.cells"
"200","b.cells"
"201","b.cells"
"202","b.cells"
"203","b.cells"
"204","b.cells"
"205","b.cells"
"206","b.cells"
"207","b.cells"
"208","b.cells"
"209","b.cells"
"210","b.cells"
"211","b.cells"
"212","b.cells"
"213","b.cells"
"214","b.cells"
"215","b.cells"
"216","b.cells"
"217","b.cells"
"218","b.cells"
"219","b.cells"
"220","b.cells"
"221","b.cells"
"222","b.cells"
"223","b.cells"
"224","b.cells"
"225","b.cells"
"226","b.cells"
"227","b.cells"
"228","b.cells"
"229","b.cells"
"230","b.cells"
"231","b.cells"
"232","b.cells"
"233","b.cells"
"234","b.cells"
"235","b.cells"
"236","b.cells"
"237","b.cells"
"238","b.cells"
"239","b.cells"
"240","b.cells"
"241","b.cells"
"242","b.cells"
"243","b.cells"
"244","b.cells"
"245","b.cells"
"246","b.cells"
"247","b.cells"
"248","b.cells"
"249","b.cells"
"250","b.cells"
"251","b.cells"
"252","b.cells"
"253","b.cells"
"254","b.cells"
"255","b.cells"
"256","b.cells"
"257","b.cells"
"258","b.cells"
"259","b.cells"
"260","b.cells"
"261","b.cells"
"262","b.cells"
"263","b.cells"
"264","b.cells"
"265","b.cells"
"266","b.cells"
"267","b.cells"
"268","b.cells"
"269","b.cells"
"270","b.cells"
"271","b.cells"
"272","b.cells"
"273","b.cells"
"274","b.cells"
"275","b.cells"
"276","b.cells"
"277","b.cells"
"278","b.cells"
"279","b.cells"
"280","b.cells"
"281","b.cells"
"282","b.cells"
"283","b.cells"
"284","b.cells"
"285","b.cells"
"286","b.cells"
"287","b.cells"
"288","b.cells"
"289","b.cells"
"290","b.cells"
"291","b.cells"
"292","b.cells"
"293","b.cells"
"294","b.cells"
"295","b.cells"
"296","b.cells"
"297","b.cells"
"298","b.cells"
"299","b.cells"
"300","b.cells"
"301","b.cells"
"302","b.cells"
"303","b.cells"
"304","b.cells"
"305","b.cells"
"306","b.cells"
"307","b.cells"
"308","b.cells"
"309","b.cells"
"310","b.cells"
"311","b.cells"
"312","b.cells"
"313","b.cells"
"314","b.cells"
"315","b.cells"
"316","b.cells"
"317","b.cells"
"318","b.cells"
"319","b.cells"
"320","b.cells"
"321","b.cells"
"322","b.cells"
"323","b.cells"
"324","b.cells"
"325","b.cells"
"326","b.cells"
"327","b.cells"
"328","b.cells"
"329","b.cells"
"330","b.cells"
"331","b.cells"
"332","b.cells"
"333","b.cells"
"334","b.cells"
"335","b.cells"
"336","b.cells"
"337","b.cells"
"338","b.cells"
"339","b.cells"
"340","b.cells"
"341","b.cells"
"342","b.cells"
"343","b.cells"
"344","b.cells"
"345","b.cells"
"346","b.cells"
"347","b.cells"
"348","b.cells"
"349","b.cells"
"350","b.cells"
"351","b.cells"
"352","b.cells"
"353","b.cells"
"354","b.cells"
"355","b.cells"
"356","b.cells"
"357","b.cells"
"358","b.cells"
"359","b.cells"
"360","b.cells"
"361","b.cells"
"362","b.cells"
"363","b.cells"
"364","b.cells"
"365","b.cells"
"366","b.cells"
"367","b.cells"
"368","b.cells"
"369","b.cells"
"370","b.cells"
"371","b.cells"
"372","b.cells"
"373","b.cells"
"374","b.cells"
"375","b.cells"
"376","b.cells"
"377","b.cells"
"378","b.cells"
"379","b.cells"
"380","b.cells"
"381","b.cells"
"382","b.cells"
"383","b.cells"
"384","b.cells"
"385","b.cells"
"386","b.cells"
"387","b.cells"
"388","b.cells"
"389","b.cells"
"390","b.cells"
"391","b.cells"
"392","b.cells"
"393","b.cells"
"394","b.cells"
"395","b.cells"
"396","b.cells"
"397","b.cells"
"398","b.cells"
"399","b.cells"
"400","b.cells"
"401","b.cells"
"402","b.cells"
"403","b.cells"
"404","b.cells"
"405","b.cells"
"406","b.cells"
"407","b.cells"
"408","b.cells"
"409","b.cells"
"410","b.cells"
"411","b.cells"
"412","b.cells"
"413","b.cells"
"414","b.cells"
"415","b.cells"
"416","b.cells"
"417","b.cells"
"418","b.cells"
"419","b.cells"
"420","b.cells"
"421","b.cells"
"422","b.cells"
"423","b.cells"
"424","b.cells"
"425","b.cells"
"426","b.cells"
"427","b.cells"
"428","b.cells"
"429","b.cells"
"430","b.cells"
"431","b.cells"
"432","b.cells"
"433","b.cells"
"434","b.cells"
"435","b.cells"
"436","b.cells"
"437","b.cells"
"438","b.cells"
"439","b.cells"
"440","b.cells"
"441","b.cells"
"442","b.cells"
"443","b.cells"
"444","b.cells"
"445","b.cells"
"446","b.cells"
"447","b.cells"
"448","b.cells"
"449","b.cells"
"450","b.cells"
"451","b.cells"
"452","b.cells"
"453","b.cells"
"454","b.cells"
"455","b.cells"
"456","b.cells"
"457","b.cells"
"458","b.cells"
"459","b.cells"
"460","b.cells"
"461","b.cells"
"462","b.cells"
"463","b.cells"
"464","b.cells"
"465","b.cells"
"466","b.cells"
"467","b.cells"
"468","b.cells"
"469","b.cells"
"470","b.cells"
"471","b.cells"
"472","b.cells"
"473","b.cells"
"474","b.cells"
"475","b.cells"
"476","b.cells"
"477","b.cells"
"478","b.cells"
"479","b.cells"
"480","b.cells"
"481","b.cells"
"482","b.cells"
"483","b.cells"
"484","b.cells"
"485","b.cells"
"486","b.cells"
"487","b.cells"
"488","b.cells"
"489","b.cells"
"490","b.cells"
"491","b.cells"
"492","b.cells"
"493","b.cells"
"494","b.cells"
"495","b.cells"
"496","b.cells"
"497","b.cells"
"498","b.cells"
"499","b.cells"
"500","b.cells"
"501","b.cells"
"502","b.cells"
"503","b.cells"
"504","b.cells"
"505","b.cells"
"506","b.cells"
"507","b.cells"
"508","b.cells"
"509","b.cells"
"510","b.cells"
"511","b.cells"
"512","b.cells"
"513","b.cells"
"514","b.cells"
"515","b.cells"
"516","b.cells"
"517","b.cells"
"518","b.cells"
"519","b.cells"
"520","b.cells"
"521","b.cells"
"522","b.cells"
"523","b.cells"
"524","b.cells"
"525","b.cells"
"526","b.cells"
"527","b.cells"
"528","b.cells"
"529","b.cells"
"530","b.cells"
"531","b.cells"
"532","b.cells"
"533","b.cells"
"534","b.cells"
"535","b.cells"
"536","b.cells"
"537","b.cells"
"538","b.cells"
"539","b.cells"
"540","b.cells"
"541","b.cells"
"542","b.cells"
"543","b.cells"
"544","b.cells"
"545","b.cells"
"546","b.cells"
"547","b.cells"
"548","b.cells"
"549","b.cells"
"550","b.cells"
"551","b.cells"
"552","b.cells"
"553","b.cells"
"554","b.cells"
"555","b.cells"
"556","b.cells"
"557","b.cells"
"558","b.cells"
"559","b.cells"
"560","b.cells"
"561","b.cells"
"562","b.cells"
"563","b.cells"
"564","b.cells"
"565","b.cells"
"566","b.cells"
"567","b.cells"
"568","b.cells"
"569","b.cells"
"570","b.cells"
"571","b.cells"
"572","b.cells"
"573","b.cells"
"574","b.cells"
"575","b.cells"
"576","b.cells"
"577","b.cells"
"578","b.cells"
"579","b.cells"
"580","b.cells"
"581","b.cells"
"582","b.cells"
"583","b.cells"
"584","b.cells"
"585","b.cells"
"586","b.cells"
"587","b.cells"
"588","b.cells"
"589","b.cells"
"590","b.cells"
"591","b.cells"
"592","b.cells"
"593","b.cells"
"594","b.cells"
"595","b.cells"
"596","b.cells"
"597","b.cells"
"598","b.cells"
"599","b.cells"
"600","b.cells"
"601","b.cells"
"602","b.cells"
"603","b.cells"
"604","b.cells"
"605","b.cells"
"606","b.cells"
"607","b.cells"
"608","b.cells"
"609","b.cells"
"610","b.cells"
"611","b.cells"
"612","b.cells"
"613","b.cells"
"614","b.cells"
"615","b.cells"
"616","b.cells"
"617","b.cells"
"618","b.cells"
"619","b.cells"
"620","b.cells"
"621","b.cells"
"622","b.cells"
"623","b.cells"
"624","b.cells"
"625","b.cells"
"626","b.cells"
"627","b.cells"
"628","b.cells"
"629","b.cells"
"630","b.cells"
"631","b.cells"
"632","b.cells"
"633","b.cells"
"634","b.cells"
"635","b.cells"
"636","b.cells"
"637","b.cells"
"638","b.cells"
"639","b.cells"
"640","b.cells"
"641","b.cells"
"642","b.cells"
"643","b.cells"
"644","b.cells"
"645","b.cells"
"646","b.cells"
"647","b.cells"
"648","b.cells"
"649","b.cells"
"650","b.cells"
"651","b.cells"
"652","b.cells"
"653","b.cells"
"654","b.cells"
"655","b.cells"
"656","b.cells"
"657","b.cells"
"658","b.cells"
"659","b.cells"
"660","b.cells"
"661","b.cells"
"662","b.cells"
"663","b.cells"
"664","b.cells"
"665","b.cells"
"666","b.cells"
"667","b.cells"
"668","b.cells"
"669","b.cells"
"670","b.cells"
"671","b.cells"
"672","b.cells"
"673","b.cells"
"674","b.cells"
"675","b.cells"
"676","b.cells"
"677","b.cells"
"678","b.cells"
"679","b.cells"
"680","b.cells"
"681","b.cells"
"682","b.cells"
"683","b.cells"
"684","b.cells"
"685","b.cells"
"686","b.cells"
"687","b.cells"
"688","b.cells"
"689","b.cells"
"690","b.cells"
"691","b.cells"
"692","b.cells"
"693","b.cells"
"694","b.cells"
"695","b.cells"
"696","b.cells"
"697","b.cells"
"698","b.cells"
"699","b.cells"
"700","b.cells"
"701","b.cells"
"702","b.cells"
"703","b.cells"
"704","b.cells"
"705","b.cells"
"706","b.cells"
"707","b.cells"
"708","b.cells"
"709","b.cells"
"710","b.cells"
"711","b.cells"
"712","b.cells"
"713","b.cells"
"714","b.cells"
"715","b.cells"
"716","b.cells"
"717","b.cells"
"718","b.cells"
"719","b.cells"
"720","b.cells"
"721","b.cells"
"722","b.cells"
"723","b.cells"
"724","b.cells"
"725","b.cells"
"726","b.cells"
"727","b.cells"
"728","b.cells"
"729","b.cells"
"730","b.cells"
"731","b.cells"
"732","b.cells"
"733","b.cells"
"734","b.cells"
"735","b.cells"
"736","b.cells"
"737","b.cells"
"738","b.cells"
"739","b.cells"
"740","b.cells"
"741","b.cells"
"742","b.cells"
"743","b.cells"
"744","b.cells"
"745","b.cells"
"746","b.cells"
"747","b.cells"
"748","b.cells"
"749","b.cells"
"750","b.cells"
"751","b.cells"
"752","b.cells"
"753","b.cells"
"754","b.cells"
"755","b.cells"
"756","b.cells"
"757","b.cells"
"758","b.cells"
"759","b.cells"
"760","b.cells"
"761","b.cells"
"762","b.cells"
"763","b.cells"
"764","b.cells"
"765","b.cells"
"766","b.cells"
"767","b.cells"
"768","b.cells"
"769","b.cells"
"770","b.cells"
"771","b.cells"
"772","b.cells"
"773","b.cells"
"774","b.cells"
"775","b.cells"
"776","b.cells"
"777","b.cells"
"778","b.cells"
"779","b.cells"
"780","b.cells"
"781","b.cells"
"782","b.cells"
"783","b.cells"
"784","b.cells"
"785","b.cells"
"786","b.cells"
"787","b.cells"
"788","b.cells"
"789","b.cells"
"790","b.cells"
"791","b.cells"
"792","b.cells"
"793","b.cells"
"794","b.cells"
"795","b.cells"
"796","b.cells"
"797","b.cells"
"798","b.cells"
"799","b.cells"
"800","b.cells"
"801","b.cells"
"802","b.cells"
"803","b.cells"
"804","b.cells"
"805","b.cells"
"806","b.cells"
"807","b.cells"
"808","b.cells"
"809","b.cells"
"810","b.cells"
"811","b.cells"
"812","b.cells"
"813","b.cells"
"814","b.cells"
"815","b.cells"
"816","b.cells"
"817","b.cells"
"818","b.cells"
"819","b.cells"
"820","b.cells"
"821","b.cells"
"822","b.cells"
"823","b.cells"
"824","b.cells"
"825","b.cells"
"826","b.cells"
"827","b.cells"
"828","b.cells"
"829","b.cells"
"830","b.cells"
"831","b.cells"
"832","b.cells"
"833","b.cells"
"834","b.cells"
"835","b.cells"
"836","b.cells"
"837","b.cells"
"838","b.cells"
"839","b.cells"
"840","b.cells"
"841","b.cells"
"842","b.cells"
"843","b.cells"
"844","b.cells"
"845","b.cells"
"846","b.cells"
"847","b.cells"
"848","b.cells"
"849","b.cells"
"850","b.cells"
"851","b.cells"
"852","b.cells"
"853","b.cells"
"854","b.cells"
"855","b.cells"
"856","b.cells"
"857","b.cells"
"858","b.cells"
"859","b.cells"
"860","b.cells"
"861","b.cells"
"862","b.cells"
"863","b.cells"
"864","b.cells"
"865","b.cells"
"866","b.cells"
"867","b.cells"
"868","b.cells"
"869","b.cells"
"870","b.cells"
"871","b.cells"
"872","b.cells"
"873","b.cells"
"874","b.cells"
"875","b.cells"
"876","b.cells"
"877","b.cells"
"878","b.cells"
"879","b.cells"
"880","b.cells"
"881","b.cells"
"882","b.cells"
"883","b.cells"
"884","b.cells"
"885","b.cells"
"886","b.cells"
"887","b.cells"
"888","b.cells"
"889","b.cells"
"890","b.cells"
"891","b.cells"
"892","b.cells"
"893","b.cells"
"894","b.cells"
"895","b.cells"
"896","b.cells"
"897","b.cells"
"898","b.cells"
"899","b.cells"
"900","b.cells"
"901","b.cells"
"902","b.cells"
"903","b.cells"
"904","b.cells"
"905","b.cells"
"906","b.cells"
"907","b.cells"
"908","b.cells"
"909","b.cells"
"910","b.cells"
"911","b.cells"
"912","b.cells"
"913","b.cells"
"914","b.cells"
"915","b.cells"
"916","b.cells"
"917","b.cells"
"918","b.cells"
"919","b.cells"
"920","b.cells"
"921","b.cells"
"922","b.cells"
"923","b.cells"
"924","b.cells"
"925","b.cells"
"926","b.cells"
"927","b.cells"
"928","b.cells"
"929","b.cells"
"930","b.cells"
"931","b.cells"
"932","b.cells"
"933","b.cells"
"934","b.cells"
"935","b.cells"
"936","b.cells"
"937","b.cells"
"938","b.cells"
"939","b.cells"
"940","b.cells"
"941","b.cells"
"942","b.cells"
"943","b.cells"
"944","b.cells"
"945","b.cells"
"946","b.cells"
"947","b.cells"
"948","b.cells"
"949","b.cells"
"950","b.cells"
"951","b.cells"
"952","b.cells"
"953","b.cells"
"954","b.cells"
"955","b.cells"
"956","b.cells"
"957","b.cells"
"958","b.cells"
"959","b.cells"
"960","b.cells"
"961","b.cells"
"962","b.cells"
"963","b.cells"
"964","b.cells"
"965","b.cells"
"966","b.cells"
"967","b.cells"
"968","b.cells"
"969","b.cells"
"970","b.cells"
"971","b.cells"
"972","b.cells"
"973","b.cells"
"974","b.cells"
"975","b.cells"
"976","b.cells"
"977","b.cells"
"978","b.cells"
"979","b.cells"
"980","b.cells"
"981","b.cells"
"982","b.cells"
"983","b.cells"
"984","b.cells"
"985","b.cells"
"986","b.cells"
"987","b.cells"
"988","b.cells"
"989","b.cells"
"990","b.cells"
"991","b.cells"
"992","b.cells"
"993","b.cells"
"994","b.cells"
"995","b.cells"
"996","b.cells"
"997","b.cells"
"998","b.cells"
"999","b.cells"
"1000","naive.cytotoxic"
"1001","naive.cytotoxic"
"1002","naive.cytotoxic"
"1003","naive.cytotoxic"
"1004","naive.cytotoxic"
"1005","naive.cytotoxic"
"1006","naive.cytotoxic"
"1007","naive.cytotoxic"
"1008","naive.cytotoxic"
"1009","naive.cytotoxic"
"1010","naive.cytotoxic"
"1011","naive.cytotoxic"
"1012","naive.cytotoxic"
"1013","naive.cytotoxic"
"1014","naive.cytotoxic"
"1015","naive.cytotoxic"
"1016","naive.cytotoxic"
"1017","naive.cytotoxic"
"1018","naive.cytotoxic"
"1019","naive.cytotoxic"
"1020","naive.cytotoxic"
"1021","naive.cytotoxic"
"1022","naive.cytotoxic"
"1023","naive.cytotoxic"
"1024","naive.cytotoxic"
"1025","naive.cytotoxic"
"1026","naive.cytotoxic"
"1027","naive.cytotoxic"
"1028","naive.cytotoxic"
"1029","naive.cytotoxic"
"1030","naive.cytotoxic"
"1031","naive.cytotoxic"
"1032","naive.cytotoxic"
"1033","naive.cytotoxic"
"1034","naive.cytotoxic"
"1035","naive.cytotoxic"
"1036","naive.cytotoxic"
"1037","naive.cytotoxic"
"1038","naive.cytotoxic"
"1039","naive.cytotoxic"
"1040","naive.cytotoxic"
"1041","naive.cytotoxic"
"1042","naive.cytotoxic"
"1043","naive.cytotoxic"
"1044","naive.cytotoxic"
"1045","naive.cytotoxic"
"1046","naive.cytotoxic"
"1047","naive.cytotoxic"
"1048","naive.cytotoxic"
"1049","naive.cytotoxic"
"1050","naive.cytotoxic"
"1051","naive.cytotoxic"
"1052","naive.cytotoxic"
"1053","naive.cytotoxic"
"1054","naive.cytotoxic"
"1055","naive.cytotoxic"
"1056","naive.cytotoxic"
"1057","naive.cytotoxic"
"1058","naive.cytotoxic"
"1059","naive.cytotoxic"
"1060","naive.cytotoxic"
"1061","naive.cytotoxic"
"1062","naive.cytotoxic"
"1063","naive.cytotoxic"
"1064","naive.cytotoxic"
"1065","naive.cytotoxic"
"1066","naive.cytotoxic"
"1067","naive.cytotoxic"
"1068","naive.cytotoxic"
"1069","naive.cytotoxic"
"1070","naive.cytotoxic"
"1071","naive.cytotoxic"
"1072","naive.cytotoxic"
"1073","naive.cytotoxic"
"1074","naive.cytotoxic"
"1075","naive.cytotoxic"
"1076","naive.cytotoxic"
"1077","naive.cytotoxic"
"1078","naive.cytotoxic"
"1079","naive.cytotoxic"
"1080","naive.cytotoxic"
"1081","naive.cytotoxic"
"1082","naive.cytotoxic"
"1083","naive.cytotoxic"
"1084","naive.cytotoxic"
"1085","naive.cytotoxic"
"1086","naive.cytotoxic"
"1087","naive.cytotoxic"
"1088","naive.cytotoxic"
"1089","naive.cytotoxic"
"1090","naive.cytotoxic"
"1091","naive.cytotoxic"
"1092","naive.cytotoxic"
"1093","naive.cytotoxic"
"1094","naive.cytotoxic"
"1095","naive.cytotoxic"
"1096","naive.cytotoxic"
"1097","naive.cytotoxic"
"1098","naive.cytotoxic"
"1099","naive.cytotoxic"
"1100","naive.cytotoxic"
"1101","naive.cytotoxic"
"1102","naive.cytotoxic"
"1103","naive.cytotoxic"
"1104","naive.cytotoxic"
"1105","naive.cytotoxic"
"1106","naive.cytotoxic"
"1107","naive.cytotoxic"
"1108","naive.cytotoxic"
"1109","naive.cytotoxic"
"1110","naive.cytotoxic"
"1111","naive.cytotoxic"
"1112","naive.cytotoxic"
"1113","naive.cytotoxic"
"1114","naive.cytotoxic"
"1115","naive.cytotoxic"
"1116","naive.cytotoxic"
"1117","naive.cytotoxic"
"1118","naive.cytotoxic"
"1119","naive.cytotoxic"
"1120","naive.cytotoxic"
"1121","naive.cytotoxic"
"1122","naive.cytotoxic"
"1123","naive.cytotoxic"
"1124","naive.cytotoxic"
"1125","naive.cytotoxic"
"1126","naive.cytotoxic"
"1127","naive.cytotoxic"
"1128","naive.cytotoxic"
"1129","naive.cytotoxic"
"1130","naive.cytotoxic"
"1131","naive.cytotoxic"
"1132","naive.cytotoxic"
"1133","naive.cytotoxic"
"1134","naive.cytotoxic"
"1135","naive.cytotoxic"
"1136","naive.cytotoxic"
"1137","naive.cytotoxic"
"1138","naive.cytotoxic"
"1139","naive.cytotoxic"
"1140","naive.cytotoxic"
"1141","naive.cytotoxic"
"1142","naive.cytotoxic"
"1143","naive.cytotoxic"
"1144","naive.cytotoxic"
"1145","naive.cytotoxic"
"1146","naive.cytotoxic"
"1147","naive.cytotoxic"
"1148","naive.cytotoxic"
"1149","naive.cytotoxic"
"1150","naive.cytotoxic"
"1151","naive.cytotoxic"
"1152","naive.cytotoxic"
"1153","naive.cytotoxic"
"1154","naive.cytotoxic"
"1155","naive.cytotoxic"
"1156","naive.cytotoxic"
"1157","naive.cytotoxic"
"1158","naive.cytotoxic"
"1159","naive.cytotoxic"
"1160","naive.cytotoxic"
"1161","naive.cytotoxic"
"1162","naive.cytotoxic"
"1163","naive.cytotoxic"
"1164","naive.cytotoxic"
"1165","naive.cytotoxic"
"1166","naive.cytotoxic"
"1167","naive.cytotoxic"
"1168","naive.cytotoxic"
"1169","naive.cytotoxic"
"1170","naive.cytotoxic"
"1171","naive.cytotoxic"
"1172","naive.cytotoxic"
"1173","naive.cytotoxic"
"1174","naive.cytotoxic"
"1175","naive.cytotoxic"
"1176","naive.cytotoxic"
"1177","naive.cytotoxic"
"1178","naive.cytotoxic"
"1179","naive.cytotoxic"
"1180","naive.cytotoxic"
"1181","naive.cytotoxic"
"1182","naive.cytotoxic"
"1183","naive.cytotoxic"
"1184","naive.cytotoxic"
"1185","naive.cytotoxic"
"1186","naive.cytotoxic"
"1187","naive.cytotoxic"
"1188","naive.cytotoxic"
"1189","naive.cytotoxic"
"1190","naive.cytotoxic"
"1191","naive.cytotoxic"
"1192","naive.cytotoxic"
"1193","naive.cytotoxic"
"1194","naive.cytotoxic"
"1195","naive.cytotoxic"
"1196","naive.cytotoxic"
"1197","naive.cytotoxic"
"1198","naive.cytotoxic"
"1199","naive.cytotoxic"
"1200","naive.cytotoxic"
"1201","naive.cytotoxic"
"1202","naive.cytotoxic"
"1203","naive.cytotoxic"
"1204","naive.cytotoxic"
"1205","naive.cytotoxic"
"1206","naive.cytotoxic"
"1207","naive.cytotoxic"
"1208","naive.cytotoxic"
"1209","naive.cytotoxic"
"1210","naive.cytotoxic"
"1211","naive.cytotoxic"
"1212","naive.cytotoxic"
"1213","naive.cytotoxic"
"1214","naive.cytotoxic"
"1215","naive.cytotoxic"
"1216","naive.cytotoxic"
"1217","naive.cytotoxic"
"1218","naive.cytotoxic"
"1219","naive.cytotoxic"
"1220","naive.cytotoxic"
"1221","naive.cytotoxic"
"1222","naive.cytotoxic"
"1223","naive.cytotoxic"
"1224","naive.cytotoxic"
"1225","naive.cytotoxic"
"1226","naive.cytotoxic"
"1227","naive.cytotoxic"
"1228","naive.cytotoxic"
"1229","naive.cytotoxic"
"1230","naive.cytotoxic"
"1231","naive.cytotoxic"
"1232","naive.cytotoxic"
"1233","naive.cytotoxic"
"1234","naive.cytotoxic"
"1235","naive.cytotoxic"
"1236","naive.cytotoxic"
"1237","naive.cytotoxic"
"1238","naive.cytotoxic"
"1239","naive.cytotoxic"
"1240","naive.cytotoxic"
"1241","naive.cytotoxic"
"1242","naive.cytotoxic"
"1243","naive.cytotoxic"
"1244","naive.cytotoxic"
"1245","naive.cytotoxic"
"1246","naive.cytotoxic"
"1247","naive.cytotoxic"
"1248","naive.cytotoxic"
"1249","naive.cytotoxic"
"1250","naive.cytotoxic"
"1251","naive.cytotoxic"
"1252","naive.cytotoxic"
"1253","naive.cytotoxic"
"1254","naive.cytotoxic"
"1255","naive.cytotoxic"
"1256","naive.cytotoxic"
"1257","naive.cytotoxic"
"1258","naive.cytotoxic"
"1259","naive.cytotoxic"
"1260","naive.cytotoxic"
"1261","naive.cytotoxic"
"1262","naive.cytotoxic"
"1263","naive.cytotoxic"
"1264","naive.cytotoxic"
"1265","naive.cytotoxic"
"1266","naive.cytotoxic"
"1267","naive.cytotoxic"
"1268","naive.cytotoxic"
"1269","naive.cytotoxic"
"1270","naive.cytotoxic"
"1271","naive.cytotoxic"
"1272","naive.cytotoxic"
"1273","naive.cytotoxic"
"1274","naive.cytotoxic"
"1275","naive.cytotoxic"
"1276","naive.cytotoxic"
"1277","naive.cytotoxic"
"1278","naive.cytotoxic"
"1279","naive.cytotoxic"
"1280","naive.cytotoxic"
"1281","naive.cytotoxic"
"1282","naive.cytotoxic"
"1283","naive.cytotoxic"
"1284","naive.cytotoxic"
"1285","naive.cytotoxic"
"1286","naive.cytotoxic"
"1287","naive.cytotoxic"
"1288","naive.cytotoxic"
"1289","naive.cytotoxic"
"1290","naive.cytotoxic"
"1291","naive.cytotoxic"
"1292","naive.cytotoxic"
"1293","naive.cytotoxic"
"1294","naive.cytotoxic"
"1295","naive.cytotoxic"
"1296","naive.cytotoxic"
"1297","naive.cytotoxic"
"1298","naive.cytotoxic"
"1299","naive.cytotoxic"
"1300","naive.cytotoxic"
"1301","naive.cytotoxic"
"1302","naive.cytotoxic"
"1303","naive.cytotoxic"
"1304","naive.cytotoxic"
"1305","naive.cytotoxic"
"1306","naive.cytotoxic"
"1307","naive.cytotoxic"
"1308","naive.cytotoxic"
"1309","naive.cytotoxic"
"1310","naive.cytotoxic"
"1311","naive.cytotoxic"
"1312","naive.cytotoxic"
"1313","naive.cytotoxic"
"1314","naive.cytotoxic"
"1315","naive.cytotoxic"
"1316","naive.cytotoxic"
"1317","naive.cytotoxic"
"1318","naive.cytotoxic"
"1319","naive.cytotoxic"
"1320","naive.cytotoxic"
"1321","naive.cytotoxic"
"1322","naive.cytotoxic"
"1323","naive.cytotoxic"
"1324","naive.cytotoxic"
"1325","naive.cytotoxic"
"1326","naive.cytotoxic"
"1327","naive.cytotoxic"
"1328","naive.cytotoxic"
"1329","naive.cytotoxic"
"1330","naive.cytotoxic"
"1331","naive.cytotoxic"
"1332","naive.cytotoxic"
"1333","naive.cytotoxic"
"1334","naive.cytotoxic"
"1335","naive.cytotoxic"
"1336","naive.cytotoxic"
"1337","naive.cytotoxic"
"1338","naive.cytotoxic"
"1339","naive.cytotoxic"
"1340","naive.cytotoxic"
"1341","naive.cytotoxic"
"1342","naive.cytotoxic"
"1343","naive.cytotoxic"
"1344","naive.cytotoxic"
"1345","naive.cytotoxic"
"1346","naive.cytotoxic"
"1347","naive.cytotoxic"
"1348","naive.cytotoxic"
"1349","naive.cytotoxic"
"1350","naive.cytotoxic"
"1351","naive.cytotoxic"
"1352","naive.cytotoxic"
"1353","naive.cytotoxic"
"1354","naive.cytotoxic"
"1355","naive.cytotoxic"
"1356","naive.cytotoxic"
"1357","naive.cytotoxic"
"1358","naive.cytotoxic"
"1359","naive.cytotoxic"
"1360","naive.cytotoxic"
"1361","naive.cytotoxic"
"1362","naive.cytotoxic"
"1363","naive.cytotoxic"
"1364","naive.cytotoxic"
"1365","naive.cytotoxic"
"1366","naive.cytotoxic"
"1367","naive.cytotoxic"
"1368","naive.cytotoxic"
"1369","naive.cytotoxic"
"1370","naive.cytotoxic"
"1371","naive.cytotoxic"
"1372","naive.cytotoxic"
"1373","naive.cytotoxic"
"1374","naive.cytotoxic"
"1375","naive.cytotoxic"
"1376","naive.cytotoxic"
"1377","naive.cytotoxic"
"1378","naive.cytotoxic"
"1379","naive.cytotoxic"
"1380","naive.cytotoxic"
"1381","naive.cytotoxic"
"1382","naive.cytotoxic"
"1383","naive.cytotoxic"
"1384","naive.cytotoxic"
"1385","naive.cytotoxic"
"1386","naive.cytotoxic"
"1387","naive.cytotoxic"
"1388","naive.cytotoxic"
"1389","naive.cytotoxic"
"1390","naive.cytotoxic"
"1391","naive.cytotoxic"
"1392","naive.cytotoxic"
"1393","naive.cytotoxic"
"1394","naive.cytotoxic"
"1395","naive.cytotoxic"
"1396","naive.cytotoxic"
"1397","naive.cytotoxic"
"1398","naive.cytotoxic"
"1399","naive.cytotoxic"
"1400","naive.cytotoxic"
"1401","naive.cytotoxic"
"1402","naive.cytotoxic"
"1403","naive.cytotoxic"
"1404","naive.cytotoxic"
"1405","naive.cytotoxic"
"1406","naive.cytotoxic"
"1407","naive.cytotoxic"
"1408","naive.cytotoxic"
"1409","naive.cytotoxic"
"1410","naive.cytotoxic"
"1411","naive.cytotoxic"
"1412","naive.cytotoxic"
"1413","naive.cytotoxic"
"1414","naive.cytotoxic"
"1415","naive.cytotoxic"
"1416","naive.cytotoxic"
"1417","naive.cytotoxic"
"1418","naive.cytotoxic"
"1419","naive.cytotoxic"
"1420","naive.cytotoxic"
"1421","naive.cytotoxic"
"1422","naive.cytotoxic"
"1423","naive.cytotoxic"
"1424","naive.cytotoxic"
"1425","naive.cytotoxic"
"1426","naive.cytotoxic"
"1427","naive.cytotoxic"
"1428","naive.cytotoxic"
"1429","naive.cytotoxic"
"1430","naive.cytotoxic"
"1431","naive.cytotoxic"
"1432","naive.cytotoxic"
"1433","naive.cytotoxic"
"1434","naive.cytotoxic"
"1435","naive.cytotoxic"
"1436","naive.cytotoxic"
"1437","naive.cytotoxic"
"1438","naive.cytotoxic"
"1439","naive.cytotoxic"
"1440","naive.cytotoxic"
"1441","naive.cytotoxic"
"1442","naive.cytotoxic"
"1443","naive.cytotoxic"
"1444","naive.cytotoxic"
"1445","naive.cytotoxic"
"1446","naive.cytotoxic"
"1447","naive.cytotoxic"
"1448","naive.cytotoxic"
"1449","naive.cytotoxic"
"1450","naive.cytotoxic"
"1451","naive.cytotoxic"
"1452","naive.cytotoxic"
"1453","naive.cytotoxic"
"1454","naive.cytotoxic"
"1455","naive.cytotoxic"
"1456","naive.cytotoxic"
"1457","naive.cytotoxic"
"1458","naive.cytotoxic"
"1459","naive.cytotoxic"
"1460","naive.cytotoxic"
"1461","naive.cytotoxic"
"1462","naive.cytotoxic"
"1463","naive.cytotoxic"
"1464","naive.cytotoxic"
"1465","naive.cytotoxic"
"1466","naive.cytotoxic"
"1467","naive.cytotoxic"
"1468","naive.cytotoxic"
"1469","naive.cytotoxic"
"1470","naive.cytotoxic"
"1471","naive.cytotoxic"
"1472","naive.cytotoxic"
"1473","naive.cytotoxic"
"1474","naive.cytotoxic"
"1475","naive.cytotoxic"
"1476","naive.cytotoxic"
"1477","naive.cytotoxic"
"1478","naive.cytotoxic"
"1479","naive.cytotoxic"
"1480","naive.cytotoxic"
"1481","naive.cytotoxic"
"1482","naive.cytotoxic"
"1483","naive.cytotoxic"
"1484","naive.cytotoxic"
"1485","naive.cytotoxic"
"1486","naive.cytotoxic"
"1487","naive.cytotoxic"
"1488","naive.cytotoxic"
"1489","naive.cytotoxic"
"1490","naive.cytotoxic"
"1491","naive.cytotoxic"
"1492","naive.cytotoxic"
"1493","naive.cytotoxic"
"1494","naive.cytotoxic"
"1495","naive.cytotoxic"
"1496","naive.cytotoxic"
"1497","naive.cytotoxic"
"1498","naive.cytotoxic"
"1499","naive.cytotoxic"
"1500","naive.cytotoxic"
"1501","naive.cytotoxic"
"1502","naive.cytotoxic"
"1503","naive.cytotoxic"
"1504","naive.cytotoxic"
"1505","naive.cytotoxic"
"1506","naive.cytotoxic"
"1507","naive.cytotoxic"
"1508","naive.cytotoxic"
"1509","naive.cytotoxic"
"1510","naive.cytotoxic"
"1511","naive.cytotoxic"
"1512","naive.cytotoxic"
"1513","naive.cytotoxic"
"1514","naive.cytotoxic"
"1515","naive.cytotoxic"
"1516","naive.cytotoxic"
"1517","naive.cytotoxic"
"1518","naive.cytotoxic"
"1519","naive.cytotoxic"
"1520","naive.cytotoxic"
"1521","naive.cytotoxic"
"1522","naive.cytotoxic"
"1523","naive.cytotoxic"
"1524","naive.cytotoxic"
"1525","naive.cytotoxic"
"1526","naive.cytotoxic"
"1527","naive.cytotoxic"
"1528","naive.cytotoxic"
"1529","naive.cytotoxic"
"1530","naive.cytotoxic"
"1531","naive.cytotoxic"
"1532","naive.cytotoxic"
"1533","naive.cytotoxic"
"1534","naive.cytotoxic"
"1535","naive.cytotoxic"
"1536","naive.cytotoxic"
"1537","naive.cytotoxic"
"1538","naive.cytotoxic"
"1539","naive.cytotoxic"
"1540","naive.cytotoxic"
"1541","naive.cytotoxic"
"1542","naive.cytotoxic"
"1543","naive.cytotoxic"
"1544","naive.cytotoxic"
"1545","naive.cytotoxic"
"1546","naive.cytotoxic"
"1547","naive.cytotoxic"
"1548","naive.cytotoxic"
"1549","naive.cytotoxic"
"1550","naive.cytotoxic"
"1551","naive.cytotoxic"
"1552","naive.cytotoxic"
"1553","naive.cytotoxic"
"1554","naive.cytotoxic"
"1555","naive.cytotoxic"
"1556","naive.cytotoxic"
"1557","naive.cytotoxic"
"1558","naive.cytotoxic"
"1559","naive.cytotoxic"
"1560","naive.cytotoxic"
"1561","naive.cytotoxic"
"1562","naive.cytotoxic"
"1563","naive.cytotoxic"
"1564","naive.cytotoxic"
"1565","naive.cytotoxic"
"1566","naive.cytotoxic"
"1567","naive.cytotoxic"
"1568","naive.cytotoxic"
"1569","naive.cytotoxic"
"1570","naive.cytotoxic"
"1571","naive.cytotoxic"
"1572","naive.cytotoxic"
"1573","naive.cytotoxic"
"1574","naive.cytotoxic"
"1575","naive.cytotoxic"
"1576","naive.cytotoxic"
"1577","naive.cytotoxic"
"1578","naive.cytotoxic"
"1579","naive.cytotoxic"
"1580","naive.cytotoxic"
"1581","naive.cytotoxic"
"1582","naive.cytotoxic"
"1583","naive.cytotoxic"
"1584","naive.cytotoxic"
"1585","naive.cytotoxic"
"1586","naive.cytotoxic"
"1587","naive.cytotoxic"
"1588","naive.cytotoxic"
"1589","naive.cytotoxic"
"1590","naive.cytotoxic"
"1591","naive.cytotoxic"
"1592","naive.cytotoxic"
"1593","naive.cytotoxic"
"1594","naive.cytotoxic"
"1595","naive.cytotoxic"
"1596","naive.cytotoxic"
"1597","naive.cytotoxic"
"1598","naive.cytotoxic"
"1599","naive.cytotoxic"
"1600","naive.cytotoxic"
"1601","naive.cytotoxic"
"1602","naive.cytotoxic"
"1603","naive.cytotoxic"
"1604","naive.cytotoxic"
"1605","naive.cytotoxic"
"1606","naive.cytotoxic"
"1607","naive.cytotoxic"
"1608","naive.cytotoxic"
"1609","naive.cytotoxic"
"1610","naive.cytotoxic"
"1611","naive.cytotoxic"
"1612","naive.cytotoxic"
"1613","naive.cytotoxic"
"1614","naive.cytotoxic"
"1615","naive.cytotoxic"
"1616","naive.cytotoxic"
"1617","naive.cytotoxic"
"1618","naive.cytotoxic"
"1619","naive.cytotoxic"
"1620","naive.cytotoxic"
"1621","naive.cytotoxic"
"1622","naive.cytotoxic"
"1623","naive.cytotoxic"
"1624","naive.cytotoxic"
"1625","naive.cytotoxic"
"1626","naive.cytotoxic"
"1627","naive.cytotoxic"
"1628","naive.cytotoxic"
"1629","naive.cytotoxic"
"1630","naive.cytotoxic"
"1631","naive.cytotoxic"
"1632","naive.cytotoxic"
"1633","naive.cytotoxic"
"1634","naive.cytotoxic"
"1635","naive.cytotoxic"
"1636","naive.cytotoxic"
"1637","naive.cytotoxic"
"1638","naive.cytotoxic"
"1639","naive.cytotoxic"
"1640","naive.cytotoxic"
"1641","naive.cytotoxic"
"1642","naive.cytotoxic"
"1643","naive.cytotoxic"
"1644","naive.cytotoxic"
"1645","naive.cytotoxic"
"1646","naive.cytotoxic"
"1647","naive.cytotoxic"
"1648","naive.cytotoxic"
"1649","naive.cytotoxic"
"1650","naive.cytotoxic"
"1651","naive.cytotoxic"
"1652","naive.cytotoxic"
"1653","naive.cytotoxic"
"1654","naive.cytotoxic"
"1655","naive.cytotoxic"
"1656","naive.cytotoxic"
"1657","naive.cytotoxic"
"1658","naive.cytotoxic"
"1659","naive.cytotoxic"
"1660","naive.cytotoxic"
"1661","naive.cytotoxic"
"1662","naive.cytotoxic"
"1663","naive.cytotoxic"
"1664","naive.cytotoxic"
"1665","naive.cytotoxic"
"1666","naive.cytotoxic"
"1667","naive.cytotoxic"
"1668","naive.cytotoxic"
"1669","naive.cytotoxic"
"1670","naive.cytotoxic"
"1671","naive.cytotoxic"
"1672","naive.cytotoxic"
"1673","naive.cytotoxic"
"1674","naive.cytotoxic"
"1675","naive.cytotoxic"
"1676","naive.cytotoxic"
"1677","naive.cytotoxic"
"1678","naive.cytotoxic"
"1679","naive.cytotoxic"
"1680","naive.cytotoxic"
"1681","naive.cytotoxic"
"1682","naive.cytotoxic"
"1683","naive.cytotoxic"
"1684","naive.cytotoxic"
"1685","naive.cytotoxic"
"1686","naive.cytotoxic"
"1687","naive.cytotoxic"
"1688","naive.cytotoxic"
"1689","naive.cytotoxic"
"1690","naive.cytotoxic"
"1691","naive.cytotoxic"
"1692","naive.cytotoxic"
"1693","naive.cytotoxic"
"1694","naive.cytotoxic"
"1695","naive.cytotoxic"
"1696","naive.cytotoxic"
"1697","naive.cytotoxic"
"1698","naive.cytotoxic"
"1699","naive.cytotoxic"
"1700","naive.cytotoxic"
"1701","naive.cytotoxic"
"1702","naive.cytotoxic"
"1703","naive.cytotoxic"
"1704","naive.cytotoxic"
"1705","naive.cytotoxic"
"1706","naive.cytotoxic"
"1707","naive.cytotoxic"
"1708","naive.cytotoxic"
"1709","naive.cytotoxic"
"1710","naive.cytotoxic"
"1711","naive.cytotoxic"
"1712","naive.cytotoxic"
"1713","naive.cytotoxic"
"1714","naive.cytotoxic"
"1715","naive.cytotoxic"
"1716","naive.cytotoxic"
"1717","naive.cytotoxic"
"1718","naive.cytotoxic"
"1719","naive.cytotoxic"
"1720","naive.cytotoxic"
"1721","naive.cytotoxic"
"1722","naive.cytotoxic"
"1723","naive.cytotoxic"
"1724","naive.cytotoxic"
"1725","naive.cytotoxic"
"1726","naive.cytotoxic"
"1727","naive.cytotoxic"
"1728","naive.cytotoxic"
"1729","naive.cytotoxic"
"1730","naive.cytotoxic"
"1731","naive.cytotoxic"
"1732","naive.cytotoxic"
"1733","naive.cytotoxic"
"1734","naive.cytotoxic"
"1735","naive.cytotoxic"
"1736","naive.cytotoxic"
"1737","naive.cytotoxic"
"1738","naive.cytotoxic"
"1739","naive.cytotoxic"
"1740","naive.cytotoxic"
"1741","naive.cytotoxic"
"1742","naive.cytotoxic"
"1743","naive.cytotoxic"
"1744","naive.cytotoxic"
"1745","naive.cytotoxic"
"1746","naive.cytotoxic"
"1747","naive.cytotoxic"
"1748","naive.cytotoxic"
"1749","naive.cytotoxic"
"1750","naive.cytotoxic"
"1751","naive.cytotoxic"
"1752","naive.cytotoxic"
"1753","naive.cytotoxic"
"1754","naive.cytotoxic"
"1755","naive.cytotoxic"
"1756","naive.cytotoxic"
"1757","naive.cytotoxic"
"1758","naive.cytotoxic"
"1759","naive.cytotoxic"
"1760","naive.cytotoxic"
"1761","naive.cytotoxic"
"1762","naive.cytotoxic"
"1763","naive.cytotoxic"
"1764","naive.cytotoxic"
"1765","naive.cytotoxic"
"1766","naive.cytotoxic"
"1767","naive.cytotoxic"
"1768","naive.cytotoxic"
"1769","naive.cytotoxic"
"1770","naive.cytotoxic"
"1771","naive.cytotoxic"
"1772","naive.cytotoxic"
"1773","naive.cytotoxic"
"1774","naive.cytotoxic"
"1775","naive.cytotoxic"
"1776","naive.cytotoxic"
"1777","naive.cytotoxic"
"1778","naive.cytotoxic"
"1779","naive.cytotoxic"
"1780","naive.cytotoxic"
"1781","naive.cytotoxic"
"1782","naive.cytotoxic"
"1783","naive.cytotoxic"
"1784","naive.cytotoxic"
"1785","naive.cytotoxic"
"1786","naive.cytotoxic"
"1787","naive.cytotoxic"
"1788","naive.cytotoxic"
"1789","naive.cytotoxic"
"1790","naive.cytotoxic"
"1791","naive.cytotoxic"
"1792","naive.cytotoxic"
"1793","naive.cytotoxic"
"1794","naive.cytotoxic"
"1795","naive.cytotoxic"
"1796","naive.cytotoxic"
"1797","naive.cytotoxic"
"1798","naive.cytotoxic"
"1799","naive.cytotoxic"
"1800","naive.cytotoxic"
"1801","naive.cytotoxic"
"1802","naive.cytotoxic"
"1803","naive.cytotoxic"
"1804","naive.cytotoxic"
"1805","naive.cytotoxic"
"1806","naive.cytotoxic"
"1807","naive.cytotoxic"
"1808","naive.cytotoxic"
"1809","naive.cytotoxic"
"1810","naive.cytotoxic"
"1811","naive.cytotoxic"
"1812","naive.cytotoxic"
"1813","naive.cytotoxic"
"1814","naive.cytotoxic"
"1815","naive.cytotoxic"
"1816","naive.cytotoxic"
"1817","naive.cytotoxic"
"1818","naive.cytotoxic"
"1819","naive.cytotoxic"
"1820","naive.cytotoxic"
"1821","naive.cytotoxic"
"1822","naive.cytotoxic"
"1823","naive.cytotoxic"
"1824","naive.cytotoxic"
"1825","naive.cytotoxic"
"1826","naive.cytotoxic"
"1827","naive.cytotoxic"
"1828","naive.cytotoxic"
"1829","naive.cytotoxic"
"1830","naive.cytotoxic"
"1831","naive.cytotoxic"
"1832","naive.cytotoxic"
"1833","naive.cytotoxic"
"1834","naive.cytotoxic"
"1835","naive.cytotoxic"
"1836","naive.cytotoxic"
"1837","naive.cytotoxic"
"1838","naive.cytotoxic"
"1839","naive.cytotoxic"
"1840","naive.cytotoxic"
"1841","naive.cytotoxic"
"1842","naive.cytotoxic"
"1843","naive.cytotoxic"
"1844","naive.cytotoxic"
"1845","naive.cytotoxic"
"1846","naive.cytotoxic"
"1847","naive.cytotoxic"
"1848","naive.cytotoxic"
"1849","naive.cytotoxic"
"1850","naive.cytotoxic"
"1851","naive.cytotoxic"
"1852","naive.cytotoxic"
"1853","naive.cytotoxic"
"1854","naive.cytotoxic"
"1855","naive.cytotoxic"
"1856","naive.cytotoxic"
"1857","naive.cytotoxic"
"1858","naive.cytotoxic"
"1859","naive.cytotoxic"
"1860","naive.cytotoxic"
"1861","naive.cytotoxic"
"1862","naive.cytotoxic"
"1863","naive.cytotoxic"
"1864","naive.cytotoxic"
"1865","naive.cytotoxic"
"1866","naive.cytotoxic"
"1867","naive.cytotoxic"
"1868","naive.cytotoxic"
"1869","naive.cytotoxic"
"1870","naive.cytotoxic"
"1871","naive.cytotoxic"
"1872","naive.cytotoxic"
"1873","naive.cytotoxic"
"1874","naive.cytotoxic"
"1875","naive.cytotoxic"
"1876","naive.cytotoxic"
"1877","naive.cytotoxic"
"1878","naive.cytotoxic"
"1879","naive.cytotoxic"
"1880","naive.cytotoxic"
"1881","naive.cytotoxic"
"1882","naive.cytotoxic"
"1883","naive.cytotoxic"
"1884","naive.cytotoxic"
"1885","naive.cytotoxic"
"1886","naive.cytotoxic"
"1887","naive.cytotoxic"
"1888","naive.cytotoxic"
"1889","naive.cytotoxic"
"1890","naive.cytotoxic"
"1891","naive.cytotoxic"
"1892","naive.cytotoxic"
"1893","naive.cytotoxic"
"1894","naive.cytotoxic"
"1895","naive.cytotoxic"
"1896","naive.cytotoxic"
"1897","naive.cytotoxic"
"1898","naive.cytotoxic"
"1899","naive.cytotoxic"
"1900","naive.cytotoxic"
"1901","naive.cytotoxic"
"1902","naive.cytotoxic"
"1903","naive.cytotoxic"
"1904","naive.cytotoxic"
"1905","naive.cytotoxic"
"1906","naive.cytotoxic"
"1907","naive.cytotoxic"
"1908","naive.cytotoxic"
"1909","naive.cytotoxic"
"1910","naive.cytotoxic"
"1911","naive.cytotoxic"
"1912","naive.cytotoxic"
"1913","naive.cytotoxic"
"1914","naive.cytotoxic"
"1915","naive.cytotoxic"
"1916","naive.cytotoxic"
"1917","naive.cytotoxic"
"1918","naive.cytotoxic"
"1919","naive.cytotoxic"
"1920","naive.cytotoxic"
"1921","naive.cytotoxic"
"1922","naive.cytotoxic"
"1923","naive.cytotoxic"
"1924","naive.cytotoxic"
"1925","naive.cytotoxic"
"1926","naive.cytotoxic"
"1927","naive.cytotoxic"
"1928","naive.cytotoxic"
"1929","naive.cytotoxic"
"1930","naive.cytotoxic"
"1931","naive.cytotoxic"
"1932","naive.cytotoxic"
"1933","naive.cytotoxic"
"1934","naive.cytotoxic"
"1935","naive.cytotoxic"
"1936","naive.cytotoxic"
"1937","naive.cytotoxic"
"1938","naive.cytotoxic"
"1939","naive.cytotoxic"
"1940","naive.cytotoxic"
"1941","naive.cytotoxic"
"1942","naive.cytotoxic"
"1943","naive.cytotoxic"
"1944","naive.cytotoxic"
"1945","naive.cytotoxic"
"1946","naive.cytotoxic"
"1947","naive.cytotoxic"
"1948","naive.cytotoxic"
"1949","naive.cytotoxic"
"1950","naive.cytotoxic"
"1951","naive.cytotoxic"
"1952","naive.cytotoxic"
"1953","naive.cytotoxic"
"1954","naive.cytotoxic"
"1955","naive.cytotoxic"
"1956","naive.cytotoxic"
"1957","naive.cytotoxic"
"1958","naive.cytotoxic"
"1959","naive.cytotoxic"
"1960","naive.cytotoxic"
"1961","naive.cytotoxic"
"1962","naive.cytotoxic"
"1963","naive.cytotoxic"
"1964","naive.cytotoxic"
"1965","naive.cytotoxic"
"1966","naive.cytotoxic"
"1967","naive.cytotoxic"
"1968","naive.cytotoxic"
"1969","naive.cytotoxic"
"1970","naive.cytotoxic"
"1971","naive.cytotoxic"
"1972","naive.cytotoxic"
"1973","naive.cytotoxic"
"1974","naive.cytotoxic"
"1975","naive.cytotoxic"
"1976","naive.cytotoxic"
"1977","naive.cytotoxic"
"1978","naive.cytotoxic"
"1979","naive.cytotoxic"
"1980","naive.cytotoxic"
"1981","naive.cytotoxic"
"1982","naive.cytotoxic"
"1983","naive.cytotoxic"
"1984","naive.cytotoxic"
"1985","naive.cytotoxic"
"1986","naive.cytotoxic"
"1987","naive.cytotoxic"
"1988","naive.cytotoxic"
"1989","naive.cytotoxic"
"1990","naive.cytotoxic"
"1991","naive.cytotoxic"
"1992","naive.cytotoxic"
"1993","naive.cytotoxic"
"1994","naive.cytotoxic"
"1995","naive.cytotoxic"
"1996","naive.cytotoxic"
"1997","naive.cytotoxic"
"1998","cd14.monocytes"
"1999","cd14.monocytes"
"2000","cd14.monocytes"
"2001","cd14.monocytes"
"2002","cd14.monocytes"
"2003","cd14.monocytes"
"2004","cd14.monocytes"
"2005","cd14.monocytes"
"2006","cd14.monocytes"
"2007","cd14.monocytes"
"2008","cd14.monocytes"
"2009","cd14.monocytes"
"2010","cd14.monocytes"
"2011","cd14.monocytes"
"2012","cd14.monocytes"
"2013","cd14.monocytes"
"2014","cd14.monocytes"
"2015","cd14.monocytes"
"2016","cd14.monocytes"
"2017","cd14.monocytes"
"2018","cd14.monocytes"
"2019","cd14.monocytes"
"2020","cd14.monocytes"
"2021","cd14.monocytes"
"2022","cd14.monocytes"
"2023","cd14.monocytes"
"2024","cd14.monocytes"
"2025","cd14.monocytes"
"2026","cd14.monocytes"
"2027","cd14.monocytes"
"2028","cd14.monocytes"
"2029","cd14.monocytes"
"2030","cd14.monocytes"
"2031","cd14.monocytes"
"2032","cd14.monocytes"
"2033","cd14.monocytes"
"2034","cd14.monocytes"
"2035","cd14.monocytes"
"2036","cd14.monocytes"
"2037","cd14.monocytes"
"2038","cd14.monocytes"
"2039","cd14.monocytes"
"2040","cd14.monocytes"
"2041","cd14.monocytes"
"2042","cd14.monocytes"
"2043","cd14.monocytes"
"2044","cd14.monocytes"
"2045","cd14.monocytes"
"2046","cd14.monocytes"
"2047","cd14.monocytes"
"2048","cd14.monocytes"
"2049","cd14.monocytes"
"2050","cd14.monocytes"
"2051","cd14.monocytes"
"2052","cd14.monocytes"
"2053","cd14.monocytes"
"2054","cd14.monocytes"
"2055","cd14.monocytes"
"2056","cd14.monocytes"
"2057","cd14.monocytes"
"2058","cd14.monocytes"
"2059","cd14.monocytes"
"2060","cd14.monocytes"
"2061","cd14.monocytes"
"2062","cd14.monocytes"
"2063","cd14.monocytes"
"2064","cd14.monocytes"
"2065","cd14.monocytes"
"2066","cd14.monocytes"
"2067","cd14.monocytes"
"2068","cd14.monocytes"
"2069","cd14.monocytes"
"2070","cd14.monocytes"
"2071","cd14.monocytes"
"2072","cd14.monocytes"
"2073","cd14.monocytes"
"2074","cd14.monocytes"
"2075","cd14.monocytes"
"2076","cd14.monocytes"
"2077","cd14.monocytes"
"2078","cd14.monocytes"
"2079","cd14.monocytes"
"2080","cd14.monocytes"
"2081","cd14.monocytes"
"2082","cd14.monocytes"
"2083","cd14.monocytes"
"2084","cd14.monocytes"
"2085","cd14.monocytes"
"2086","cd14.monocytes"
"2087","cd14.monocytes"
"2088","cd14.monocytes"
"2089","cd14.monocytes"
"2090","cd14.monocytes"
"2091","cd14.monocytes"
"2092","cd14.monocytes"
"2093","cd14.monocytes"
"2094","cd14.monocytes"
"2095","cd14.monocytes"
"2096","cd14.monocytes"
"2097","cd14.monocytes"
"2098","cd14.monocytes"
"2099","cd14.monocytes"
"2100","cd14.monocytes"
"2101","cd14.monocytes"
"2102","cd14.monocytes"
"2103","cd14.monocytes"
"2104","cd14.monocytes"
"2105","cd14.monocytes"
"2106","cd14.monocytes"
"2107","cd14.monocytes"
"2108","cd14.monocytes"
"2109","cd14.monocytes"
"2110","cd14.monocytes"
"2111","cd14.monocytes"
"2112","cd14.monocytes"
"2113","cd14.monocytes"
"2114","cd14.monocytes"
"2115","cd14.monocytes"
"2116","cd14.monocytes"
"2117","cd14.monocytes"
"2118","cd14.monocytes"
"2119","cd14.monocytes"
"2120","cd14.monocytes"
"2121","cd14.monocytes"
"2122","cd14.monocytes"
"2123","cd14.monocytes"
"2124","cd14.monocytes"
"2125","cd14.monocytes"
"2126","cd14.monocytes"
"2127","cd14.monocytes"
"2128","cd14.monocytes"
"2129","cd14.monocytes"
"2130","cd14.monocytes"
"2131","cd14.monocytes"
"2132","cd14.monocytes"
"2133","cd14.monocytes"
"2134","cd14.monocytes"
"2135","cd14.monocytes"
"2136","cd14.monocytes"
"2137","cd14.monocytes"
"2138","cd14.monocytes"
"2139","cd14.monocytes"
"2140","cd14.monocytes"
"2141","cd14.monocytes"
"2142","cd14.monocytes"
"2143","cd14.monocytes"
"2144","cd14.monocytes"
"2145","cd14.monocytes"
"2146","cd14.monocytes"
"2147","cd14.monocytes"
"2148","cd14.monocytes"
"2149","cd14.monocytes"
"2150","cd14.monocytes"
"2151","cd14.monocytes"
"2152","cd14.monocytes"
"2153","cd14.monocytes"
"2154","cd14.monocytes"
"2155","cd14.monocytes"
"2156","cd14.monocytes"
"2157","cd14.monocytes"
"2158","cd14.monocytes"
"2159","cd14.monocytes"
"2160","cd14.monocytes"
"2161","cd14.monocytes"
"2162","cd14.monocytes"
"2163","cd14.monocytes"
"2164","cd14.monocytes"
"2165","cd14.monocytes"
"2166","cd14.monocytes"
"2167","cd14.monocytes"
"2168","cd14.monocytes"
"2169","cd14.monocytes"
"2170","cd14.monocytes"
"2171","cd14.monocytes"
"2172","cd14.monocytes"
"2173","cd14.monocytes"
"2174","cd14.monocytes"
"2175","cd14.monocytes"
"2176","cd14.monocytes"
"2177","cd14.monocytes"
"2178","cd14.monocytes"
"2179","cd14.monocytes"
"2180","cd14.monocytes"
"2181","cd14.monocytes"
"2182","cd14.monocytes"
"2183","cd14.monocytes"
"2184","cd14.monocytes"
"2185","cd14.monocytes"
"2186","cd14.monocytes"
"2187","cd14.monocytes"
"2188","cd14.monocytes"
"2189","cd14.monocytes"
"2190","cd14.monocytes"
"2191","cd14.monocytes"
"2192","cd14.monocytes"
"2193","cd14.monocytes"
"2194","cd14.monocytes"
"2195","cd14.monocytes"
"2196","cd14.monocytes"
"2197","cd14.monocytes"
"2198","cd14.monocytes"
"2199","cd14.monocytes"
"2200","cd14.monocytes"
"2201","cd14.monocytes"
"2202","cd14.monocytes"
"2203","cd14.monocytes"
"2204","cd14.monocytes"
"2205","cd14.monocytes"
"2206","cd14.monocytes"
"2207","cd14.monocytes"
"2208","cd14.monocytes"
"2209","cd14.monocytes"
"2210","cd14.monocytes"
"2211","cd14.monocytes"
"2212","cd14.monocytes"
"2213","cd14.monocytes"
"2214","cd14.monocytes"
"2215","cd14.monocytes"
"2216","cd14.monocytes"
"2217","cd14.monocytes"
"2218","cd14.monocytes"
"2219","cd14.monocytes"
"2220","cd14.monocytes"
"2221","cd14.monocytes"
"2222","cd14.monocytes"
"2223","cd14.monocytes"
"2224","cd14.monocytes"
"2225","cd14.monocytes"
"2226","cd14.monocytes"
"2227","cd14.monocytes"
"2228","cd14.monocytes"
"2229","cd14.monocytes"
"2230","cd14.monocytes"
"2231","cd14.monocytes"
"2232","cd14.monocytes"
"2233","cd14.monocytes"
"2234","cd14.monocytes"
"2235","cd14.monocytes"
"2236","cd14.monocytes"
"2237","cd14.monocytes"
"2238","cd14.monocytes"
"2239","cd14.monocytes"
"2240","cd14.monocytes"
"2241","cd14.monocytes"
"2242","cd14.monocytes"
"2243","cd14.monocytes"
"2244","cd14.monocytes"
"2245","cd14.monocytes"
"2246","cd14.monocytes"
"2247","cd14.monocytes"
"2248","cd14.monocytes"
"2249","cd14.monocytes"
"2250","cd14.monocytes"
"2251","cd14.monocytes"
"2252","cd14.monocytes"
"2253","cd14.monocytes"
"2254","cd14.monocytes"
"2255","cd14.monocytes"
"2256","cd14.monocytes"
"2257","cd14.monocytes"
"2258","cd14.monocytes"
"2259","cd14.monocytes"
"2260","cd14.monocytes"
"2261","cd14.monocytes"
"2262","cd14.monocytes"
"2263","cd14.monocytes"
"2264","cd14.monocytes"
"2265","cd14.monocytes"
"2266","cd14.monocytes"
"2267","cd14.monocytes"
"2268","cd14.monocytes"
"2269","cd14.monocytes"
"2270","cd14.monocytes"
"2271","cd14.monocytes"
"2272","cd14.monocytes"
"2273","cd14.monocytes"
"2274","cd14.monocytes"
"2275","cd14.monocytes"
"2276","cd14.monocytes"
"2277","cd14.monocytes"
"2278","cd14.monocytes"
"2279","cd14.monocytes"
"2280","cd14.monocytes"
"2281","cd14.monocytes"
"2282","cd14.monocytes"
"2283","cd14.monocytes"
"2284","cd14.monocytes"
"2285","cd14.monocytes"
"2286","cd14.monocytes"
"2287","cd14.monocytes"
"2288","cd14.monocytes"
"2289","cd14.monocytes"
"2290","cd14.monocytes"
"2291","cd14.monocytes"
"2292","cd14.monocytes"
"2293","cd14.monocytes"
"2294","cd14.monocytes"
"2295","cd14.monocytes"
"2296","cd14.monocytes"
"2297","cd14.monocytes"
"2298","cd14.monocytes"
"2299","cd14.monocytes"
"2300","cd14.monocytes"
"2301","cd14.monocytes"
"2302","cd14.monocytes"
"2303","cd14.monocytes"
"2304","cd14.monocytes"
"2305","cd14.monocytes"
"2306","cd14.monocytes"
"2307","cd14.monocytes"
"2308","cd14.monocytes"
"2309","cd14.monocytes"
"2310","cd14.monocytes"
"2311","cd14.monocytes"
"2312","cd14.monocytes"
"2313","cd14.monocytes"
"2314","cd14.monocytes"
"2315","cd14.monocytes"
"2316","cd14.monocytes"
"2317","cd14.monocytes"
"2318","cd14.monocytes"
"2319","cd14.monocytes"
"2320","cd14.monocytes"
"2321","cd14.monocytes"
"2322","cd14.monocytes"
"2323","cd14.monocytes"
"2324","cd14.monocytes"
"2325","cd14.monocytes"
"2326","cd14.monocytes"
"2327","cd14.monocytes"
"2328","cd14.monocytes"
"2329","cd14.monocytes"
"2330","cd14.monocytes"
"2331","cd14.monocytes"
"2332","cd14.monocytes"
"2333","cd14.monocytes"
"2334","cd14.monocytes"
"2335","cd14.monocytes"
"2336","cd14.monocytes"
"2337","cd14.monocytes"
"2338","cd14.monocytes"
"2339","cd14.monocytes"
"2340","cd14.monocytes"
"2341","cd14.monocytes"
"2342","cd14.monocytes"
"2343","cd14.monocytes"
"2344","cd14.monocytes"
"2345","cd14.monocytes"
"2346","cd14.monocytes"
"2347","cd14.monocytes"
"2348","cd14.monocytes"
"2349","cd14.monocytes"
"2350","cd14.monocytes"
"2351","cd14.monocytes"
"2352","cd14.monocytes"
"2353","cd14.monocytes"
"2354","cd14.monocytes"
"2355","cd14.monocytes"
"2356","cd14.monocytes"
"2357","cd14.monocytes"
"2358","cd14.monocytes"
"2359","cd14.monocytes"
"2360","cd14.monocytes"
"2361","cd14.monocytes"
"2362","cd14.monocytes"
"2363","cd14.monocytes"
"2364","cd14.monocytes"
"2365","cd14.monocytes"
"2366","cd14.monocytes"
"2367","cd14.monocytes"
"2368","cd14.monocytes"
"2369","cd14.monocytes"
"2370","cd14.monocytes"
"2371","cd14.monocytes"
"2372","cd14.monocytes"
"2373","cd14.monocytes"
"2374","cd14.monocytes"
"2375","cd14.monocytes"
"2376","cd14.monocytes"
"2377","cd14.monocytes"
"2378","cd14.monocytes"
"2379","cd14.monocytes"
"2380","cd14.monocytes"
"2381","cd14.monocytes"
"2382","cd14.monocytes"
"2383","cd14.monocytes"
"2384","cd14.monocytes"
"2385","cd14.monocytes"
"2386","cd14.monocytes"
"2387","cd14.monocytes"
"2388","cd14.monocytes"
"2389","cd14.monocytes"
"2390","cd14.monocytes"
"2391","cd14.monocytes"
"2392","cd14.monocytes"
"2393","cd14.monocytes"
"2394","cd14.monocytes"
"2395","cd14.monocytes"
"2396","cd14.monocytes"
"2397","cd14.monocytes"
"2398","cd14.monocytes"
"2399","cd14.monocytes"
"2400","cd14.monocytes"
"2401","cd14.monocytes"
"2402","cd14.monocytes"
"2403","cd14.monocytes"
"2404","cd14.monocytes"
"2405","cd14.monocytes"
"2406","cd14.monocytes"
"2407","cd14.monocytes"
"2408","cd14.monocytes"
"2409","cd14.monocytes"
"2410","cd14.monocytes"
"2411","cd14.monocytes"
"2412","cd14.monocytes"
"2413","cd14.monocytes"
"2414","cd14.monocytes"
"2415","cd14.monocytes"
"2416","cd14.monocytes"
"2417","cd14.monocytes"
"2418","cd14.monocytes"
"2419","cd14.monocytes"
"2420","cd14.monocytes"
"2421","cd14.monocytes"
"2422","cd14.monocytes"
"2423","cd14.monocytes"
"2424","cd14.monocytes"
"2425","cd14.monocytes"
"2426","cd14.monocytes"
"2427","cd14.monocytes"
"2428","cd14.monocytes"
"2429","cd14.monocytes"
"2430","cd14.monocytes"
"2431","cd14.monocytes"
"2432","cd14.monocytes"
"2433","cd14.monocytes"
"2434","cd14.monocytes"
"2435","cd14.monocytes"
"2436","cd14.monocytes"
"2437","cd14.monocytes"
"2438","cd14.monocytes"
"2439","cd14.monocytes"
"2440","cd14.monocytes"
"2441","cd14.monocytes"
"2442","cd14.monocytes"
"2443","cd14.monocytes"
"2444","cd14.monocytes"
"2445","cd14.monocytes"
"2446","cd14.monocytes"
"2447","cd14.monocytes"
"2448","cd14.monocytes"
"2449","cd14.monocytes"
"2450","cd14.monocytes"
"2451","cd14.monocytes"
"2452","cd14.monocytes"
"2453","cd14.monocytes"
"2454","cd14.monocytes"
"2455","cd14.monocytes"
"2456","cd14.monocytes"
"2457","cd14.monocytes"
"2458","cd14.monocytes"
"2459","cd14.monocytes"
"2460","cd14.monocytes"
"2461","cd14.monocytes"
"2462","cd14.monocytes"
"2463","cd14.monocytes"
"2464","cd14.monocytes"
"2465","cd14.monocytes"
"2466","cd14.monocytes"
"2467","cd14.monocytes"
"2468","cd14.monocytes"
"2469","cd14.monocytes"
"2470","cd14.monocytes"
"2471","cd14.monocytes"
"2472","cd14.monocytes"
"2473","cd14.monocytes"
"2474","cd14.monocytes"
"2475","cd14.monocytes"
"2476","cd14.monocytes"
"2477","cd14.monocytes"
"2478","cd14.monocytes"
"2479","cd14.monocytes"
"2480","cd14.monocytes"
"2481","cd14.monocytes"
"2482","cd14.monocytes"
"2483","cd14.monocytes"
"2484","cd14.monocytes"
"2485","cd14.monocytes"
"2486","cd14.monocytes"
"2487","cd14.monocytes"
"2488","cd14.monocytes"
"2489","cd14.monocytes"
"2490","cd14.monocytes"
"2491","cd14.monocytes"
"2492","cd14.monocytes"
"2493","cd14.monocytes"
"2494","cd14.monocytes"
"2495","cd14.monocytes"
"2496","cd14.monocytes"
"2497","cd14.monocytes"
"2498","cd14.monocytes"
"2499","cd14.monocytes"
"2500","cd14.monocytes"
"2501","cd14.monocytes"
"2502","cd14.monocytes"
"2503","cd14.monocytes"
"2504","cd14.monocytes"
"2505","cd14.monocytes"
"2506","cd14.monocytes"
"2507","cd14.monocytes"
"2508","cd14.monocytes"
"2509","cd14.monocytes"
"2510","cd14.monocytes"
"2511","cd14.monocytes"
"2512","cd14.monocytes"
"2513","cd14.monocytes"
"2514","cd14.monocytes"
"2515","cd14.monocytes"
"2516","cd14.monocytes"
"2517","cd14.monocytes"
"2518","cd14.monocytes"
"2519","cd14.monocytes"
"2520","cd14.monocytes"
"2521","cd14.monocytes"
"2522","cd14.monocytes"
"2523","cd14.monocytes"
"2524","cd14.monocytes"
"2525","cd14.monocytes"
"2526","cd14.monocytes"
"2527","cd14.monocytes"
"2528","cd14.monocytes"
"2529","cd14.monocytes"
"2530","cd14.monocytes"
"2531","cd14.monocytes"
"2532","cd14.monocytes"
"2533","cd14.monocytes"
"2534","cd14.monocytes"
"2535","cd14.monocytes"
"2536","cd14.monocytes"
"2537","cd14.monocytes"
"2538","cd14.monocytes"
"2539","cd14.monocytes"
"2540","cd14.monocytes"
"2541","cd14.monocytes"
"2542","cd14.monocytes"
"2543","cd14.monocytes"
"2544","cd14.monocytes"
"2545","cd14.monocytes"
"2546","cd14.monocytes"
"2547","cd14.monocytes"
"2548","cd14.monocytes"
"2549","cd14.monocytes"
"2550","cd14.monocytes"
"2551","cd14.monocytes"
"2552","cd14.monocytes"
"2553","cd14.monocytes"
"2554","cd14.monocytes"
"2555","cd14.monocytes"
"2556","cd14.monocytes"
"2557","cd14.monocytes"
"2558","cd14.monocytes"
"2559","cd14.monocytes"
"2560","cd14.monocytes"
"2561","cd14.monocytes"
"2562","cd14.monocytes"
"2563","cd14.monocytes"
"2564","cd14.monocytes"
"2565","cd14.monocytes"
"2566","cd14.monocytes"
"2567","cd14.monocytes"
"2568","cd14.monocytes"
"2569","cd14.monocytes"
"2570","cd14.monocytes"
"2571","cd14.monocytes"
"2572","cd14.monocytes"
"2573","cd14.monocytes"
"2574","cd14.monocytes"
"2575","cd14.monocytes"
"2576","cd14.monocytes"
"2577","cd14.monocytes"
"2578","cd14.monocytes"
"2579","cd14.monocytes"
"2580","cd14.monocytes"
"2581","cd14.monocytes"
"2582","cd14.monocytes"
"2583","cd14.monocytes"
"2584","cd14.monocytes"
"2585","cd14.monocytes"
"2586","cd14.monocytes"
"2587","cd14.monocytes"
"2588","cd14.monocytes"
"2589","cd14.monocytes"
"2590","cd14.monocytes"
"2591","cd14.monocytes"
"2592","cd14.monocytes"
"2593","cd14.monocytes"
"2594","cd14.monocytes"
"2595","cd14.monocytes"
"2596","cd14.monocytes"
"2597","cd14.monocytes"
"2598","cd14.monocytes"
"2599","cd14.monocytes"
"2600","cd14.monocytes"
"2601","cd14.monocytes"
"2602","cd14.monocytes"
"2603","cd14.monocytes"
"2604","cd14.monocytes"
"2605","cd14.monocytes"
"2606","cd14.monocytes"
"2607","cd14.monocytes"
"2608","cd14.monocytes"
"2609","cd14.monocytes"
"2610","cd14.monocytes"
"2611","cd14.monocytes"
"2612","cd14.monocytes"
"2613","cd14.monocytes"
"2614","cd14.monocytes"
"2615","cd14.monocytes"
"2616","cd14.monocytes"
"2617","cd14.monocytes"
"2618","cd14.monocytes"
"2619","cd14.monocytes"
"2620","cd14.monocytes"
"2621","cd14.monocytes"
"2622","cd14.monocytes"
"2623","cd14.monocytes"
"2624","cd14.monocytes"
"2625","cd14.monocytes"
"2626","cd14.monocytes"
"2627","cd14.monocytes"
"2628","cd14.monocytes"
"2629","cd14.monocytes"
"2630","cd14.monocytes"
"2631","cd14.monocytes"
"2632","cd14.monocytes"
"2633","cd14.monocytes"
"2634","cd14.monocytes"
"2635","cd14.monocytes"
"2636","cd14.monocytes"
"2637","cd14.monocytes"
"2638","cd14.monocytes"
"2639","cd14.monocytes"
"2640","cd14.monocytes"
"2641","cd14.monocytes"
"2642","cd14.monocytes"
"2643","cd14.monocytes"
"2644","cd14.monocytes"
"2645","cd14.monocytes"
"2646","cd14.monocytes"
"2647","cd14.monocytes"
"2648","cd14.monocytes"
"2649","cd14.monocytes"
"2650","cd14.monocytes"
"2651","cd14.monocytes"
"2652","cd14.monocytes"
"2653","cd14.monocytes"
"2654","cd14.monocytes"
"2655","cd14.monocytes"
"2656","cd14.monocytes"
"2657","cd14.monocytes"
"2658","cd14.monocytes"
"2659","cd14.monocytes"
"2660","cd14.monocytes"
"2661","cd14.monocytes"
"2662","cd14.monocytes"
"2663","cd14.monocytes"
"2664","cd14.monocytes"
"2665","cd14.monocytes"
"2666","cd14.monocytes"
"2667","cd14.monocytes"
"2668","cd14.monocytes"
"2669","cd14.monocytes"
"2670","cd14.monocytes"
"2671","cd14.monocytes"
"2672","cd14.monocytes"
"2673","cd14.monocytes"
"2674","cd14.monocytes"
"2675","cd14.monocytes"
"2676","cd14.monocytes"
"2677","cd14.monocytes"
"2678","cd14.monocytes"
"2679","cd14.monocytes"
"2680","cd14.monocytes"
"2681","cd14.monocytes"
"2682","cd14.monocytes"
"2683","cd14.monocytes"
"2684","cd14.monocytes"
"2685","cd14.monocytes"
"2686","cd14.monocytes"
"2687","cd14.monocytes"
"2688","cd14.monocytes"
"2689","cd14.monocytes"
"2690","cd14.monocytes"
"2691","cd14.monocytes"
"2692","cd14.monocytes"
"2693","cd14.monocytes"
"2694","cd14.monocytes"
"2695","cd14.monocytes"
"2696","cd14.monocytes"
"2697","cd14.monocytes"
"2698","cd14.monocytes"
"2699","cd14.monocytes"
"2700","cd14.monocytes"
"2701","cd14.monocytes"
"2702","cd14.monocytes"
"2703","cd14.monocytes"
"2704","cd14.monocytes"
"2705","cd14.monocytes"
"2706","cd14.monocytes"
"2707","cd14.monocytes"
"2708","cd14.monocytes"
"2709","cd14.monocytes"
"2710","cd14.monocytes"
"2711","cd14.monocytes"
"2712","cd14.monocytes"
"2713","cd14.monocytes"
"2714","cd14.monocytes"
"2715","cd14.monocytes"
"2716","cd14.monocytes"
"2717","cd14.monocytes"
"2718","cd14.monocytes"
"2719","cd14.monocytes"
"2720","cd14.monocytes"
"2721","cd14.monocytes"
"2722","cd14.monocytes"
"2723","cd14.monocytes"
"2724","cd14.monocytes"
"2725","cd14.monocytes"
"2726","cd14.monocytes"
"2727","cd14.monocytes"
"2728","cd14.monocytes"
"2729","cd14.monocytes"
"2730","cd14.monocytes"
"2731","cd14.monocytes"
"2732","cd14.monocytes"
"2733","cd14.monocytes"
"2734","cd14.monocytes"
"2735","cd14.monocytes"
"2736","cd14.monocytes"
"2737","cd14.monocytes"
"2738","cd14.monocytes"
"2739","cd14.monocytes"
"2740","cd14.monocytes"
"2741","cd14.monocytes"
"2742","cd14.monocytes"
"2743","cd14.monocytes"
"2744","cd14.monocytes"
"2745","cd14.monocytes"
"2746","cd14.monocytes"
"2747","cd14.monocytes"
"2748","cd14.monocytes"
"2749","cd14.monocytes"
"2750","cd14.monocytes"
"2751","cd14.monocytes"
"2752","cd14.monocytes"
"2753","cd14.monocytes"
"2754","cd14.monocytes"
"2755","cd14.monocytes"
"2756","cd14.monocytes"
"2757","cd14.monocytes"
"2758","cd14.monocytes"
"2759","cd14.monocytes"
"2760","cd14.monocytes"
"2761","cd14.monocytes"
"2762","cd14.monocytes"
"2763","cd14.monocytes"
"2764","cd14.monocytes"
"2765","cd14.monocytes"
"2766","cd14.monocytes"
"2767","cd14.monocytes"
"2768","cd14.monocytes"
"2769","cd14.monocytes"
"2770","cd14.monocytes"
"2771","cd14.monocytes"
"2772","cd14.monocytes"
"2773","cd14.monocytes"
"2774","cd14.monocytes"
"2775","cd14.monocytes"
"2776","cd14.monocytes"
"2777","cd14.monocytes"
"2778","cd14.monocytes"
"2779","cd14.monocytes"
"2780","cd14.monocytes"
"2781","cd14.monocytes"
"2782","cd14.monocytes"
"2783","cd14.monocytes"
"2784","cd14.monocytes"
"2785","cd14.monocytes"
"2786","cd14.monocytes"
"2787","cd14.monocytes"
"2788","cd14.monocytes"
"2789","cd14.monocytes"
"2790","cd14.monocytes"
"2791","cd14.monocytes"
"2792","cd14.monocytes"
"2793","cd14.monocytes"
"2794","cd14.monocytes"
"2795","cd14.monocytes"
"2796","cd14.monocytes"
"2797","cd14.monocytes"
"2798","cd14.monocytes"
"2799","cd14.monocytes"
"2800","cd14.monocytes"
"2801","cd14.monocytes"
"2802","cd14.monocytes"
"2803","cd14.monocytes"
"2804","cd14.monocytes"
"2805","cd14.monocytes"
"2806","cd14.monocytes"
"2807","cd14.monocytes"
"2808","cd14.monocytes"
"2809","cd14.monocytes"
"2810","cd14.monocytes"
"2811","cd14.monocytes"
"2812","cd14.monocytes"
"2813","cd14.monocytes"
"2814","cd14.monocytes"
"2815","cd14.monocytes"
"2816","cd14.monocytes"
"2817","cd14.monocytes"
"2818","cd14.monocytes"
"2819","cd14.monocytes"
"2820","cd14.monocytes"
"2821","cd14.monocytes"
"2822","cd14.monocytes"
"2823","cd14.monocytes"
"2824","cd14.monocytes"
"2825","cd14.monocytes"
"2826","cd14.monocytes"
"2827","cd14.monocytes"
"2828","cd14.monocytes"
"2829","cd14.monocytes"
"2830","cd14.monocytes"
"2831","cd14.monocytes"
"2832","cd14.monocytes"
"2833","cd14.monocytes"
"2834","cd14.monocytes"
"2835","cd14.monocytes"
"2836","cd14.monocytes"
"2837","cd14.monocytes"
"2838","cd14.monocytes"
"2839","cd14.monocytes"
"2840","cd14.monocytes"
"2841","cd14.monocytes"
"2842","cd14.monocytes"
"2843","cd14.monocytes"
"2844","cd14.monocytes"
"2845","cd14.monocytes"
"2846","cd14.monocytes"
"2847","cd14.monocytes"
"2848","cd14.monocytes"
"2849","cd14.monocytes"
"2850","cd14.monocytes"
"2851","cd14.monocytes"
"2852","cd14.monocytes"
"2853","cd14.monocytes"
"2854","cd14.monocytes"
"2855","cd14.monocytes"
"2856","cd14.monocytes"
"2857","cd14.monocytes"
"2858","cd14.monocytes"
"2859","cd14.monocytes"
"2860","cd14.monocytes"
"2861","cd14.monocytes"
"2862","cd14.monocytes"
"2863","cd14.monocytes"
"2864","cd14.monocytes"
"2865","cd14.monocytes"
"2866","cd14.monocytes"
"2867","cd14.monocytes"
"2868","cd14.monocytes"
"2869","cd14.monocytes"
"2870","cd14.monocytes"
"2871","cd14.monocytes"
"2872","cd14.monocytes"
"2873","cd14.monocytes"
"2874","cd14.monocytes"
"2875","cd14.monocytes"
"2876","cd14.monocytes"
"2877","cd14.monocytes"
"2878","cd14.monocytes"
"2879","cd14.monocytes"
"2880","cd14.monocytes"
"2881","cd14.monocytes"
"2882","cd14.monocytes"
"2883","cd14.monocytes"
"2884","cd14.monocytes"
"2885","cd14.monocytes"
"2886","cd14.monocytes"
"2887","cd14.monocytes"
"2888","cd14.monocytes"
"2889","cd14.monocytes"
"2890","cd14.monocytes"
"2891","cd14.monocytes"
"2892","cd14.monocytes"
"2893","cd14.monocytes"
"2894","cd14.monocytes"
"2895","cd14.monocytes"
"2896","cd14.monocytes"
"2897","cd14.monocytes"
"2898","cd14.monocytes"
"2899","cd14.monocytes"
"2900","cd14.monocytes"
"2901","cd14.monocytes"
"2902","cd14.monocytes"
"2903","cd14.monocytes"
"2904","cd14.monocytes"
"2905","cd14.monocytes"
"2906","cd14.monocytes"
"2907","cd14.monocytes"
"2908","cd14.monocytes"
"2909","cd14.monocytes"
"2910","cd14.monocytes"
"2911","cd14.monocytes"
"2912","cd14.monocytes"
"2913","cd14.monocytes"
"2914","cd14.monocytes"
"2915","cd14.monocytes"
"2916","cd14.monocytes"
"2917","cd14.monocytes"
"2918","cd14.monocytes"
"2919","cd14.monocytes"
"2920","cd14.monocytes"
"2921","cd14.monocytes"
"2922","cd14.monocytes"
"2923","cd14.monocytes"
"2924","cd14.monocytes"
"2925","cd14.monocytes"
"2926","cd14.monocytes"
"2927","cd14.monocytes"
"2928","cd14.monocytes"
"2929","cd14.monocytes"
"2930","cd14.monocytes"
"2931","cd14.monocytes"
"2932","cd14.monocytes"
"2933","cd14.monocytes"
"2934","cd14.monocytes"
"2935","cd14.monocytes"
"2936","cd14.monocytes"
"2937","cd14.monocytes"
"2938","cd14.monocytes"
"2939","cd14.monocytes"
"2940","cd14.monocytes"
"2941","cd14.monocytes"
"2942","cd14.monocytes"
"2943","cd14.monocytes"
"2944","cd14.monocytes"
"2945","cd14.monocytes"
"2946","cd14.monocytes"
"2947","cd14.monocytes"
"2948","cd14.monocytes"
"2949","cd14.monocytes"
"2950","cd14.monocytes"
"2951","cd14.monocytes"
"2952","cd14.monocytes"
"2953","cd14.monocytes"
"2954","cd14.monocytes"
"2955","cd14.monocytes"
"2956","cd14.monocytes"
"2957","cd14.monocytes"
"2958","cd14.monocytes"
"2959","cd14.monocytes"
"2960","cd14.monocytes"
"2961","cd14.monocytes"
"2962","cd14.monocytes"
"2963","cd14.monocytes"
"2964","cd14.monocytes"
"2965","cd14.monocytes"
"2966","cd14.monocytes"
"2967","cd14.monocytes"
"2968","cd14.monocytes"
"2969","cd14.monocytes"
"2970","cd14.monocytes"
"2971","cd14.monocytes"
"2972","cd14.monocytes"
"2973","cd14.monocytes"
"2974","cd14.monocytes"
"2975","cd14.monocytes"
"2976","cd14.monocytes"
"2977","cd14.monocytes"
"2978","cd14.monocytes"
"2979","cd14.monocytes"
"2980","cd14.monocytes"
"2981","cd14.monocytes"
"2982","cd14.monocytes"
"2983","cd14.monocytes"
"2984","cd14.monocytes"
"2985","cd14.monocytes"
"2986","cd14.monocytes"
"2987","cd14.monocytes"
"2988","cd14.monocytes"
"2989","cd14.monocytes"
"2990","cd14.monocytes"
"2991","cd14.monocytes"
"2992","cd14.monocytes"
"2993","cd14.monocytes"
"2994","cd14.monocytes"
"2995","cd14.monocytes"
"2996","cd14.monocytes"
"2997","cd14.monocytes"
"2998","regulatory.t"
"2999","regulatory.t"
"3000","regulatory.t"
"3001","regulatory.t"
"3002","regulatory.t"
"3003","regulatory.t"
"3004","regulatory.t"
"3005","regulatory.t"
"3006","regulatory.t"
"3007","regulatory.t"
"3008","regulatory.t"
"3009","regulatory.t"
"3010","regulatory.t"
"3011","regulatory.t"
"3012","regulatory.t"
"3013","regulatory.t"
"3014","regulatory.t"
"3015","regulatory.t"
"3016","regulatory.t"
"3017","regulatory.t"
"3018","regulatory.t"
"3019","regulatory.t"
"3020","regulatory.t"
"3021","regulatory.t"
"3022","regulatory.t"
"3023","regulatory.t"
"3024","regulatory.t"
"3025","regulatory.t"
"3026","regulatory.t"
"3027","regulatory.t"
"3028","regulatory.t"
"3029","regulatory.t"
"3030","regulatory.t"
"3031","regulatory.t"
"3032","regulatory.t"
"3033","regulatory.t"
"3034","regulatory.t"
"3035","regulatory.t"
"3036","regulatory.t"
"3037","regulatory.t"
"3038","regulatory.t"
"3039","regulatory.t"
"3040","regulatory.t"
"3041","regulatory.t"
"3042","regulatory.t"
"3043","regulatory.t"
"3044","regulatory.t"
"3045","regulatory.t"
"3046","regulatory.t"
"3047","regulatory.t"
"3048","regulatory.t"
"3049","regulatory.t"
"3050","regulatory.t"
"3051","regulatory.t"
"3052","regulatory.t"
"3053","regulatory.t"
"3054","regulatory.t"
"3055","regulatory.t"
"3056","regulatory.t"
"3057","regulatory.t"
"3058","regulatory.t"
"3059","regulatory.t"
"3060","regulatory.t"
"3061","regulatory.t"
"3062","regulatory.t"
"3063","regulatory.t"
"3064","regulatory.t"
"3065","regulatory.t"
"3066","regulatory.t"
"3067","regulatory.t"
"3068","regulatory.t"
"3069","regulatory.t"
"3070","regulatory.t"
"3071","regulatory.t"
"3072","regulatory.t"
"3073","regulatory.t"
"3074","regulatory.t"
"3075","regulatory.t"
"3076","regulatory.t"
"3077","regulatory.t"
"3078","regulatory.t"
"3079","regulatory.t"
"3080","regulatory.t"
"3081","regulatory.t"
"3082","regulatory.t"
"3083","regulatory.t"
"3084","regulatory.t"
"3085","regulatory.t"
"3086","regulatory.t"
"3087","regulatory.t"
"3088","regulatory.t"
"3089","regulatory.t"
"3090","regulatory.t"
"3091","regulatory.t"
"3092","regulatory.t"
"3093","regulatory.t"
"3094","regulatory.t"
"3095","regulatory.t"
"3096","regulatory.t"
"3097","regulatory.t"
"3098","regulatory.t"
"3099","regulatory.t"
"3100","regulatory.t"
"3101","regulatory.t"
"3102","regulatory.t"
"3103","regulatory.t"
"3104","regulatory.t"
"3105","regulatory.t"
"3106","regulatory.t"
"3107","regulatory.t"
"3108","regulatory.t"
"3109","regulatory.t"
"3110","regulatory.t"
"3111","regulatory.t"
"3112","regulatory.t"
"3113","regulatory.t"
"3114","regulatory.t"
"3115","regulatory.t"
"3116","regulatory.t"
"3117","regulatory.t"
"3118","regulatory.t"
"3119","regulatory.t"
"3120","regulatory.t"
"3121","regulatory.t"
"3122","regulatory.t"
"3123","regulatory.t"
"3124","regulatory.t"
"3125","regulatory.t"
"3126","regulatory.t"
"3127","regulatory.t"
"3128","regulatory.t"
"3129","regulatory.t"
"3130","regulatory.t"
"3131","regulatory.t"
"3132","regulatory.t"
"3133","regulatory.t"
"3134","regulatory.t"
"3135","regulatory.t"
"3136","regulatory.t"
"3137","regulatory.t"
"3138","regulatory.t"
"3139","regulatory.t"
"3140","regulatory.t"
"3141","regulatory.t"
"3142","regulatory.t"
"3143","regulatory.t"
"3144","regulatory.t"
"3145","regulatory.t"
"3146","regulatory.t"
"3147","regulatory.t"
"3148","regulatory.t"
"3149","regulatory.t"
"3150","regulatory.t"
"3151","regulatory.t"
"3152","regulatory.t"
"3153","regulatory.t"
"3154","regulatory.t"
"3155","regulatory.t"
"3156","regulatory.t"
"3157","regulatory.t"
"3158","regulatory.t"
"3159","regulatory.t"
"3160","regulatory.t"
"3161","regulatory.t"
"3162","regulatory.t"
"3163","regulatory.t"
"3164","regulatory.t"
"3165","regulatory.t"
"3166","regulatory.t"
"3167","regulatory.t"
"3168","regulatory.t"
"3169","regulatory.t"
"3170","regulatory.t"
"3171","regulatory.t"
"3172","regulatory.t"
"3173","regulatory.t"
"3174","regulatory.t"
"3175","regulatory.t"
"3176","regulatory.t"
"3177","regulatory.t"
"3178","regulatory.t"
"3179","regulatory.t"
"3180","regulatory.t"
"3181","regulatory.t"
"3182","regulatory.t"
"3183","regulatory.t"
"3184","regulatory.t"
"3185","regulatory.t"
"3186","regulatory.t"
"3187","regulatory.t"
"3188","regulatory.t"
"3189","regulatory.t"
"3190","regulatory.t"
"3191","regulatory.t"
"3192","regulatory.t"
"3193","regulatory.t"
"3194","regulatory.t"
"3195","regulatory.t"
"3196","regulatory.t"
"3197","regulatory.t"
"3198","regulatory.t"
"3199","regulatory.t"
"3200","regulatory.t"
"3201","regulatory.t"
"3202","regulatory.t"
"3203","regulatory.t"
"3204","regulatory.t"
"3205","regulatory.t"
"3206","regulatory.t"
"3207","regulatory.t"
"3208","regulatory.t"
"3209","regulatory.t"
"3210","regulatory.t"
"3211","regulatory.t"
"3212","regulatory.t"
"3213","regulatory.t"
"3214","regulatory.t"
"3215","regulatory.t"
"3216","regulatory.t"
"3217","regulatory.t"
"3218","regulatory.t"
"3219","regulatory.t"
"3220","regulatory.t"
"3221","regulatory.t"
"3222","regulatory.t"
"3223","regulatory.t"
"3224","regulatory.t"
"3225","regulatory.t"
"3226","regulatory.t"
"3227","regulatory.t"
"3228","regulatory.t"
"3229","regulatory.t"
"3230","regulatory.t"
"3231","regulatory.t"
"3232","regulatory.t"
"3233","regulatory.t"
"3234","regulatory.t"
"3235","regulatory.t"
"3236","regulatory.t"
"3237","regulatory.t"
"3238","regulatory.t"
"3239","regulatory.t"
"3240","regulatory.t"
"3241","regulatory.t"
"3242","regulatory.t"
"3243","regulatory.t"
"3244","regulatory.t"
"3245","regulatory.t"
"3246","regulatory.t"
"3247","regulatory.t"
"3248","regulatory.t"
"3249","regulatory.t"
"3250","regulatory.t"
"3251","regulatory.t"
"3252","regulatory.t"
"3253","regulatory.t"
"3254","regulatory.t"
"3255","regulatory.t"
"3256","regulatory.t"
"3257","regulatory.t"
"3258","regulatory.t"
"3259","regulatory.t"
"3260","regulatory.t"
"3261","regulatory.t"
"3262","regulatory.t"
"3263","regulatory.t"
"3264","regulatory.t"
"3265","regulatory.t"
"3266","regulatory.t"
"3267","regulatory.t"
"3268","regulatory.t"
"3269","regulatory.t"
"3270","regulatory.t"
"3271","regulatory.t"
"3272","regulatory.t"
"3273","regulatory.t"
"3274","regulatory.t"
"3275","regulatory.t"
"3276","regulatory.t"
"3277","regulatory.t"
"3278","regulatory.t"
"3279","regulatory.t"
"3280","regulatory.t"
"3281","regulatory.t"
"3282","regulatory.t"
"3283","regulatory.t"
"3284","regulatory.t"
"3285","regulatory.t"
"3286","regulatory.t"
"3287","regulatory.t"
"3288","regulatory.t"
"3289","regulatory.t"
"3290","regulatory.t"
"3291","regulatory.t"
"3292","regulatory.t"
"3293","regulatory.t"
"3294","regulatory.t"
"3295","regulatory.t"
"3296","regulatory.t"
"3297","regulatory.t"
"3298","regulatory.t"
"3299","regulatory.t"
"3300","regulatory.t"
"3301","regulatory.t"
"3302","regulatory.t"
"3303","regulatory.t"
"3304","regulatory.t"
"3305","regulatory.t"
"3306","regulatory.t"
"3307","regulatory.t"
"3308","regulatory.t"
"3309","regulatory.t"
"3310","regulatory.t"
"3311","regulatory.t"
"3312","regulatory.t"
"3313","regulatory.t"
"3314","regulatory.t"
"3315","regulatory.t"
"3316","regulatory.t"
"3317","regulatory.t"
"3318","regulatory.t"
"3319","regulatory.t"
"3320","regulatory.t"
"3321","regulatory.t"
"3322","regulatory.t"
"3323","regulatory.t"
"3324","regulatory.t"
"3325","regulatory.t"
"3326","regulatory.t"
"3327","regulatory.t"
"3328","regulatory.t"
"3329","regulatory.t"
"3330","regulatory.t"
"3331","regulatory.t"
"3332","regulatory.t"
"3333","regulatory.t"
"3334","regulatory.t"
"3335","regulatory.t"
"3336","regulatory.t"
"3337","regulatory.t"
"3338","regulatory.t"
"3339","regulatory.t"
"3340","regulatory.t"
"3341","regulatory.t"
"3342","regulatory.t"
"3343","regulatory.t"
"3344","regulatory.t"
"3345","regulatory.t"
"3346","regulatory.t"
"3347","regulatory.t"
"3348","regulatory.t"
"3349","regulatory.t"
"3350","regulatory.t"
"3351","regulatory.t"
"3352","regulatory.t"
"3353","regulatory.t"
"3354","regulatory.t"
"3355","regulatory.t"
"3356","regulatory.t"
"3357","regulatory.t"
"3358","regulatory.t"
"3359","regulatory.t"
"3360","regulatory.t"
"3361","regulatory.t"
"3362","regulatory.t"
"3363","regulatory.t"
"3364","regulatory.t"
"3365","regulatory.t"
"3366","regulatory.t"
"3367","regulatory.t"
"3368","regulatory.t"
"3369","regulatory.t"
"3370","regulatory.t"
"3371","regulatory.t"
"3372","regulatory.t"
"3373","regulatory.t"
"3374","regulatory.t"
"3375","regulatory.t"
"3376","regulatory.t"
"3377","regulatory.t"
"3378","regulatory.t"
"3379","regulatory.t"
"3380","regulatory.t"
"3381","regulatory.t"
"3382","regulatory.t"
"3383","regulatory.t"
"3384","regulatory.t"
"3385","regulatory.t"
"3386","regulatory.t"
"3387","regulatory.t"
"3388","regulatory.t"
"3389","regulatory.t"
"3390","regulatory.t"
"3391","regulatory.t"
"3392","regulatory.t"
"3393","regulatory.t"
"3394","regulatory.t"
"3395","regulatory.t"
"3396","regulatory.t"
"3397","regulatory.t"
"3398","regulatory.t"
"3399","regulatory.t"
"3400","regulatory.t"
"3401","regulatory.t"
"3402","regulatory.t"
"3403","regulatory.t"
"3404","regulatory.t"
"3405","regulatory.t"
"3406","regulatory.t"
"3407","regulatory.t"
"3408","regulatory.t"
"3409","regulatory.t"
"3410","regulatory.t"
"3411","regulatory.t"
"3412","regulatory.t"
"3413","regulatory.t"
"3414","regulatory.t"
"3415","regulatory.t"
"3416","regulatory.t"
"3417","regulatory.t"
"3418","regulatory.t"
"3419","regulatory.t"
"3420","regulatory.t"
"3421","regulatory.t"
"3422","regulatory.t"
"3423","regulatory.t"
"3424","regulatory.t"
"3425","regulatory.t"
"3426","regulatory.t"
"3427","regulatory.t"
"3428","regulatory.t"
"3429","regulatory.t"
"3430","regulatory.t"
"3431","regulatory.t"
"3432","regulatory.t"
"3433","regulatory.t"
"3434","regulatory.t"
"3435","regulatory.t"
"3436","regulatory.t"
"3437","regulatory.t"
"3438","regulatory.t"
"3439","regulatory.t"
"3440","regulatory.t"
"3441","regulatory.t"
"3442","regulatory.t"
"3443","regulatory.t"
"3444","regulatory.t"
"3445","regulatory.t"
"3446","regulatory.t"
"3447","regulatory.t"
"3448","regulatory.t"
"3449","regulatory.t"
"3450","regulatory.t"
"3451","regulatory.t"
"3452","regulatory.t"
"3453","regulatory.t"
"3454","regulatory.t"
"3455","regulatory.t"
"3456","regulatory.t"
"3457","regulatory.t"
"3458","regulatory.t"
"3459","regulatory.t"
"3460","regulatory.t"
"3461","regulatory.t"
"3462","regulatory.t"
"3463","regulatory.t"
"3464","regulatory.t"
"3465","regulatory.t"
"3466","regulatory.t"
"3467","regulatory.t"
"3468","regulatory.t"
"3469","regulatory.t"
"3470","regulatory.t"
"3471","regulatory.t"
"3472","regulatory.t"
"3473","regulatory.t"
"3474","regulatory.t"
"3475","regulatory.t"
"3476","regulatory.t"
"3477","regulatory.t"
"3478","regulatory.t"
"3479","regulatory.t"
"3480","regulatory.t"
"3481","regulatory.t"
"3482","regulatory.t"
"3483","regulatory.t"
"3484","regulatory.t"
"3485","regulatory.t"
"3486","regulatory.t"
"3487","regulatory.t"
"3488","regulatory.t"
"3489","regulatory.t"
"3490","regulatory.t"
"3491","regulatory.t"
"3492","regulatory.t"
"3493","regulatory.t"
"3494","regulatory.t"
"3495","regulatory.t"
"3496","regulatory.t"
"3497","regulatory.t"
"3498","regulatory.t"
"3499","regulatory.t"
"3500","regulatory.t"
"3501","regulatory.t"
"3502","regulatory.t"
"3503","regulatory.t"
"3504","regulatory.t"
"3505","regulatory.t"
"3506","regulatory.t"
"3507","regulatory.t"
"3508","regulatory.t"
"3509","regulatory.t"
"3510","regulatory.t"
"3511","regulatory.t"
"3512","regulatory.t"
"3513","regulatory.t"
"3514","regulatory.t"
"3515","regulatory.t"
"3516","regulatory.t"
"3517","regulatory.t"
"3518","regulatory.t"
"3519","regulatory.t"
"3520","regulatory.t"
"3521","regulatory.t"
"3522","regulatory.t"
"3523","regulatory.t"
"3524","regulatory.t"
"3525","regulatory.t"
"3526","regulatory.t"
"3527","regulatory.t"
"3528","regulatory.t"
"3529","regulatory.t"
"3530","regulatory.t"
"3531","regulatory.t"
"3532","regulatory.t"
"3533","regulatory.t"
"3534","regulatory.t"
"3535","regulatory.t"
"3536","regulatory.t"
"3537","regulatory.t"
"3538","regulatory.t"
"3539","regulatory.t"
"3540","regulatory.t"
"3541","regulatory.t"
"3542","regulatory.t"
"3543","regulatory.t"
"3544","regulatory.t"
"3545","regulatory.t"
"3546","regulatory.t"
"3547","regulatory.t"
"3548","regulatory.t"
"3549","regulatory.t"
"3550","regulatory.t"
"3551","regulatory.t"
"3552","regulatory.t"
"3553","regulatory.t"
"3554","regulatory.t"
"3555","regulatory.t"
"3556","regulatory.t"
"3557","regulatory.t"
"3558","regulatory.t"
"3559","regulatory.t"
"3560","regulatory.t"
"3561","regulatory.t"
"3562","regulatory.t"
"3563","regulatory.t"
"3564","regulatory.t"
"3565","regulatory.t"
"3566","regulatory.t"
"3567","regulatory.t"
"3568","regulatory.t"
"3569","regulatory.t"
"3570","regulatory.t"
"3571","regulatory.t"
"3572","regulatory.t"
"3573","regulatory.t"
"3574","regulatory.t"
"3575","regulatory.t"
"3576","regulatory.t"
"3577","regulatory.t"
"3578","regulatory.t"
"3579","regulatory.t"
"3580","regulatory.t"
"3581","regulatory.t"
"3582","regulatory.t"
"3583","regulatory.t"
"3584","regulatory.t"
"3585","regulatory.t"
"3586","regulatory.t"
"3587","regulatory.t"
"3588","regulatory.t"
"3589","regulatory.t"
"3590","regulatory.t"
"3591","regulatory.t"
"3592","regulatory.t"
"3593","regulatory.t"
"3594","regulatory.t"
"3595","regulatory.t"
"3596","regulatory.t"
"3597","regulatory.t"
"3598","regulatory.t"
"3599","regulatory.t"
"3600","regulatory.t"
"3601","regulatory.t"
"3602","regulatory.t"
"3603","regulatory.t"
"3604","regulatory.t"
"3605","regulatory.t"
"3606","regulatory.t"
"3607","regulatory.t"
"3608","regulatory.t"
"3609","regulatory.t"
"3610","regulatory.t"
"3611","regulatory.t"
"3612","regulatory.t"
"3613","regulatory.t"
"3614","regulatory.t"
"3615","regulatory.t"
"3616","regulatory.t"
"3617","regulatory.t"
"3618","regulatory.t"
"3619","regulatory.t"
"3620","regulatory.t"
"3621","regulatory.t"
"3622","regulatory.t"
"3623","regulatory.t"
"3624","regulatory.t"
"3625","regulatory.t"
"3626","regulatory.t"
"3627","regulatory.t"
"3628","regulatory.t"
"3629","regulatory.t"
"3630","regulatory.t"
"3631","regulatory.t"
"3632","regulatory.t"
"3633","regulatory.t"
"3634","regulatory.t"
"3635","regulatory.t"
"3636","regulatory.t"
"3637","regulatory.t"
"3638","regulatory.t"
"3639","regulatory.t"
"3640","regulatory.t"
"3641","regulatory.t"
"3642","regulatory.t"
"3643","regulatory.t"
"3644","regulatory.t"
"3645","regulatory.t"
"3646","regulatory.t"
"3647","regulatory.t"
"3648","regulatory.t"
"3649","regulatory.t"
"3650","regulatory.t"
"3651","regulatory.t"
"3652","regulatory.t"
"3653","regulatory.t"
"3654","regulatory.t"
"3655","regulatory.t"
"3656","regulatory.t"
"3657","regulatory.t"
"3658","regulatory.t"
"3659","regulatory.t"
"3660","regulatory.t"
"3661","regulatory.t"
"3662","regulatory.t"
"3663","regulatory.t"
"3664","regulatory.t"
"3665","regulatory.t"
"3666","regulatory.t"
"3667","regulatory.t"
"3668","regulatory.t"
"3669","regulatory.t"
"3670","regulatory.t"
"3671","regulatory.t"
"3672","regulatory.t"
"3673","regulatory.t"
"3674","regulatory.t"
"3675","regulatory.t"
"3676","regulatory.t"
"3677","regulatory.t"
"3678","regulatory.t"
"3679","regulatory.t"
"3680","regulatory.t"
"3681","regulatory.t"
"3682","regulatory.t"
"3683","regulatory.t"
"3684","regulatory.t"
"3685","regulatory.t"
"3686","regulatory.t"
"3687","regulatory.t"
"3688","regulatory.t"
"3689","regulatory.t"
"3690","regulatory.t"
"3691","regulatory.t"
"3692","regulatory.t"
"3693","regulatory.t"
"3694","regulatory.t"
"3695","regulatory.t"
"3696","regulatory.t"
"3697","regulatory.t"
"3698","regulatory.t"
"3699","regulatory.t"
"3700","regulatory.t"
"3701","regulatory.t"
"3702","regulatory.t"
"3703","regulatory.t"
"3704","regulatory.t"
"3705","regulatory.t"
"3706","regulatory.t"
"3707","regulatory.t"
"3708","regulatory.t"
"3709","regulatory.t"
"3710","regulatory.t"
"3711","regulatory.t"
"3712","regulatory.t"
"3713","regulatory.t"
"3714","regulatory.t"
"3715","regulatory.t"
"3716","regulatory.t"
"3717","regulatory.t"
"3718","regulatory.t"
"3719","regulatory.t"
"3720","regulatory.t"
"3721","regulatory.t"
"3722","regulatory.t"
"3723","regulatory.t"
"3724","regulatory.t"
"3725","regulatory.t"
"3726","regulatory.t"
"3727","regulatory.t"
"3728","regulatory.t"
"3729","regulatory.t"
"3730","regulatory.t"
"3731","regulatory.t"
"3732","regulatory.t"
"3733","regulatory.t"
"3734","regulatory.t"
"3735","regulatory.t"
"3736","regulatory.t"
"3737","regulatory.t"
"3738","regulatory.t"
"3739","regulatory.t"
"3740","regulatory.t"
"3741","regulatory.t"
"3742","regulatory.t"
"3743","regulatory.t"
"3744","regulatory.t"
"3745","regulatory.t"
"3746","regulatory.t"
"3747","regulatory.t"
"3748","regulatory.t"
"3749","regulatory.t"
"3750","regulatory.t"
"3751","regulatory.t"
"3752","regulatory.t"
"3753","regulatory.t"
"3754","regulatory.t"
"3755","regulatory.t"
"3756","regulatory.t"
"3757","regulatory.t"
"3758","regulatory.t"
"3759","regulatory.t"
"3760","regulatory.t"
"3761","regulatory.t"
"3762","regulatory.t"
"3763","regulatory.t"
"3764","regulatory.t"
"3765","regulatory.t"
"3766","regulatory.t"
"3767","regulatory.t"
"3768","regulatory.t"
"3769","regulatory.t"
"3770","regulatory.t"
"3771","regulatory.t"
"3772","regulatory.t"
"3773","regulatory.t"
"3774","regulatory.t"
"3775","regulatory.t"
"3776","regulatory.t"
"3777","regulatory.t"
"3778","regulatory.t"
"3779","regulatory.t"
"3780","regulatory.t"
"3781","regulatory.t"
"3782","regulatory.t"
"3783","regulatory.t"
"3784","regulatory.t"
"3785","regulatory.t"
"3786","regulatory.t"
"3787","regulatory.t"
"3788","regulatory.t"
"3789","regulatory.t"
"3790","regulatory.t"
"3791","regulatory.t"
"3792","regulatory.t"
"3793","regulatory.t"
"3794","regulatory.t"
"3795","regulatory.t"
"3796","regulatory.t"
"3797","regulatory.t"
"3798","regulatory.t"
"3799","regulatory.t"
"3800","regulatory.t"
"3801","regulatory.t"
"3802","regulatory.t"
"3803","regulatory.t"
"3804","regulatory.t"
"3805","regulatory.t"
"3806","regulatory.t"
"3807","regulatory.t"
"3808","regulatory.t"
"3809","regulatory.t"
"3810","regulatory.t"
"3811","regulatory.t"
"3812","regulatory.t"
"3813","regulatory.t"
"3814","regulatory.t"
"3815","regulatory.t"
"3816","regulatory.t"
"3817","regulatory.t"
"3818","regulatory.t"
"3819","regulatory.t"
"3820","regulatory.t"
"3821","regulatory.t"
"3822","regulatory.t"
"3823","regulatory.t"
"3824","regulatory.t"
"3825","regulatory.t"
"3826","regulatory.t"
"3827","regulatory.t"
"3828","regulatory.t"
"3829","regulatory.t"
"3830","regulatory.t"
"3831","regulatory.t"
"3832","regulatory.t"
"3833","regulatory.t"
"3834","regulatory.t"
"3835","regulatory.t"
"3836","regulatory.t"
"3837","regulatory.t"
"3838","regulatory.t"
"3839","regulatory.t"
"3840","regulatory.t"
"3841","regulatory.t"
"3842","regulatory.t"
"3843","regulatory.t"
"3844","regulatory.t"
"3845","regulatory.t"
"3846","regulatory.t"
"3847","regulatory.t"
"3848","regulatory.t"
"3849","regulatory.t"
"3850","regulatory.t"
"3851","regulatory.t"
"3852","regulatory.t"
"3853","regulatory.t"
"3854","regulatory.t"
"3855","regulatory.t"
"3856","regulatory.t"
"3857","regulatory.t"
"3858","regulatory.t"
"3859","regulatory.t"
"3860","regulatory.t"
"3861","regulatory.t"
"3862","regulatory.t"
"3863","regulatory.t"
"3864","regulatory.t"
"3865","regulatory.t"
"3866","regulatory.t"
"3867","regulatory.t"
"3868","regulatory.t"
"3869","regulatory.t"
"3870","regulatory.t"
"3871","regulatory.t"
"3872","regulatory.t"
"3873","regulatory.t"
"3874","regulatory.t"
"3875","regulatory.t"
"3876","regulatory.t"
"3877","regulatory.t"
"3878","regulatory.t"
"3879","regulatory.t"
"3880","regulatory.t"
"3881","regulatory.t"
"3882","regulatory.t"
"3883","regulatory.t"
"3884","regulatory.t"
"3885","regulatory.t"
"3886","regulatory.t"
"3887","regulatory.t"
"3888","regulatory.t"
"3889","regulatory.t"
"3890","regulatory.t"
"3891","regulatory.t"
"3892","regulatory.t"
"3893","regulatory.t"
"3894","regulatory.t"
"3895","regulatory.t"
"3896","regulatory.t"
"3897","regulatory.t"
"3898","regulatory.t"
"3899","regulatory.t"
"3900","regulatory.t"
"3901","regulatory.t"
"3902","regulatory.t"
"3903","regulatory.t"
"3904","regulatory.t"
"3905","regulatory.t"
"3906","regulatory.t"
"3907","regulatory.t"
"3908","regulatory.t"
"3909","regulatory.t"
"3910","regulatory.t"
"3911","regulatory.t"
"3912","regulatory.t"
"3913","regulatory.t"
"3914","regulatory.t"
"3915","regulatory.t"
"3916","regulatory.t"
"3917","regulatory.t"
"3918","regulatory.t"
"3919","regulatory.t"
"3920","regulatory.t"
"3921","regulatory.t"
"3922","regulatory.t"
"3923","regulatory.t"
"3924","regulatory.t"
"3925","regulatory.t"
"3926","regulatory.t"
"3927","regulatory.t"
"3928","regulatory.t"
"3929","regulatory.t"
"3930","regulatory.t"
"3931","regulatory.t"
"3932","regulatory.t"
"3933","regulatory.t"
"3934","regulatory.t"
"3935","regulatory.t"
"3936","regulatory.t"
"3937","regulatory.t"
"3938","regulatory.t"
"3939","regulatory.t"
"3940","regulatory.t"
"3941","regulatory.t"
"3942","regulatory.t"
"3943","regulatory.t"
"3944","regulatory.t"
"3945","regulatory.t"
"3946","regulatory.t"
"3947","regulatory.t"
"3948","regulatory.t"
"3949","regulatory.t"
"3950","regulatory.t"
"3951","regulatory.t"
"3952","regulatory.t"
"3953","regulatory.t"
"3954","regulatory.t"
"3955","regulatory.t"
"3956","regulatory.t"
"3957","regulatory.t"
"3958","regulatory.t"
"3959","regulatory.t"
"3960","regulatory.t"
"3961","regulatory.t"
"3962","regulatory.t"
"3963","regulatory.t"
"3964","regulatory.t"
"3965","regulatory.t"
"3966","regulatory.t"
"3967","regulatory.t"
"3968","regulatory.t"
"3969","regulatory.t"
"3970","regulatory.t"
"3971","regulatory.t"
"3972","regulatory.t"
"3973","regulatory.t"
"3974","regulatory.t"
"3975","regulatory.t"
"3976","regulatory.t"
"3977","regulatory.t"
"3978","regulatory.t"
"3979","regulatory.t"
"3980","regulatory.t"
"3981","regulatory.t"
"3982","regulatory.t"
"3983","regulatory.t"
"3984","regulatory.t"
"3985","regulatory.t"
"3986","regulatory.t"
"3987","regulatory.t"
"3988","regulatory.t"
"3989","regulatory.t"
"3990","regulatory.t"
"3991","regulatory.t"
"3992","regulatory.t"
"3993","regulatory.t"
"3994","regulatory.t"
